DATE,DCPF3M,IR3TCD01USM156N,IR3TED01USM156N,SNDR,BAMLC1A0C13YEY,TB3MS,BSBY_proxy_3M,TED_new
4/1/2021,0.11,0.11,0.18,0.060952545,0.69,0.02,0.231595255,0.211595255
4/2/2021,0.11,0.11,0.18,0.060952545,0.69,0.02,0.231595255,0.211595255
4/5/2021,0.11,0.11,0.18,0.060952545,0.69,0.02,0.231595255,0.211595255
4/6/2021,0.11,0.11,0.18,0.060952545,0.67,0.02,0.227595255,0.207595255
4/7/2021,0.11,0.11,0.18,0.060952545,0.66,0.02,0.225595255,0.205595255
4/8/2021,0.12,0.11,0.18,0.060952545,0.66,0.02,0.229095255,0.209095255
4/9/2021,0.12,0.11,0.18,0.060952545,0.67,0.02,0.231095255,0.211095255
4/12/2021,0.12,0.11,0.18,0.060952545,0.67,0.02,0.231095255,0.211095255
4/13/2021,0.06,0.11,0.18,0.060952545,0.65,0.02,0.206095255,0.186095255
4/14/2021,0.12,0.11,0.18,0.060952545,0.65,0.02,0.227095255,0.207095255
4/15/2021,0.14,0.11,0.18,0.060952545,0.65,0.02,0.234095255,0.214095255
4/16/2021,0.14,0.11,0.18,0.060952545,0.66,0.02,0.236095255,0.216095255
4/19/2021,0.1,0.11,0.18,0.060952545,0.65,0.02,0.220095255,0.200095255
4/20/2021,0.14,0.11,0.18,0.060952545,0.65,0.02,0.234095255,0.214095255
4/21/2021,0.11,0.11,0.18,0.060952545,0.64,0.02,0.221595255,0.201595255
4/22/2021,0.12,0.11,0.18,0.060952545,0.64,0.02,0.225095255,0.205095255
4/23/2021,0.12,0.11,0.18,0.060952545,0.65,0.02,0.227095255,0.207095255
4/26/2021,0.11,0.11,0.18,0.060952545,0.65,0.02,0.223595255,0.203595255
4/27/2021,0.11,0.11,0.18,0.060952545,0.65,0.02,0.223595255,0.203595255
4/28/2021,0.04,0.11,0.18,0.060952545,0.63,0.02,0.195095255,0.175095255
4/29/2021,0.11,0.11,0.18,0.060952545,0.64,0.02,0.221595255,0.201595255
4/30/2021,0.11,0.11,0.18,0.060952545,0.65,0.02,0.223595255,0.203595255
5/1/2021,0.11,0.1,0.16,0.06,0.65,0.02,0.2185,0.1985
5/3/2021,0.12,0.1,0.16,0.06,0.64,0.02,0.22,0.2
5/4/2021,0.12,0.1,0.16,0.06,0.64,0.02,0.22,0.2
5/5/2021,0.11,0.1,0.16,0.06,0.63,0.02,0.2145,0.1945
5/6/2021,0.11,0.1,0.16,0.06,0.63,0.02,0.2145,0.1945
5/7/2021,0.15,0.1,0.16,0.06,0.61,0.02,0.2245,0.2045
5/10/2021,0.11,0.1,0.16,0.06,0.61,0.02,0.2105,0.1905
5/11/2021,0.1,0.1,0.16,0.06,0.62,0.02,0.209,0.189
5/12/2021,0.08,0.1,0.16,0.06,0.63,0.02,0.204,0.184
5/13/2021,0.09,0.1,0.16,0.06,0.62,0.02,0.2055,0.1855
5/14/2021,0.12,0.1,0.16,0.06,0.61,0.02,0.214,0.194
5/17/2021,0.12,0.1,0.16,0.06,0.6,0.02,0.212,0.192
5/18/2021,0.08,0.1,0.16,0.06,0.6,0.02,0.198,0.178
5/19/2021,0.09,0.1,0.16,0.06,0.61,0.02,0.2035,0.1835
5/20/2021,0.09,0.1,0.16,0.06,0.59,0.02,0.1995,0.1795
5/21/2021,0.09,0.1,0.16,0.06,0.6,0.02,0.2015,0.1815
5/24/2021,0.08,0.1,0.16,0.06,0.58,0.02,0.194,0.174
5/25/2021,0.08,0.1,0.16,0.06,0.57,0.02,0.192,0.172
5/26/2021,0.09,0.1,0.16,0.06,0.56,0.02,0.1935,0.1735
5/27/2021,0.09,0.1,0.16,0.06,0.57,0.02,0.1955,0.1755
5/28/2021,0.08,0.1,0.16,0.06,0.56,0.02,0.19,0.17
5/31/2021,0.08,0.1,0.16,0.06,0.58,0.02,0.194,0.174
6/1/2021,0.09,0.09,0.16,0.06,0.58,0.04,0.1955,0.1555
6/2/2021,0.09,0.09,0.16,0.06,0.58,0.04,0.1955,0.1555
6/3/2021,0.09,0.09,0.16,0.06,0.6,0.04,0.1995,0.1595
6/4/2021,0.09,0.09,0.16,0.06,0.59,0.04,0.1975,0.1575
6/7/2021,0.07,0.09,0.16,0.06,0.59,0.04,0.1905,0.1505
6/8/2021,0.08,0.09,0.16,0.06,0.58,0.04,0.192,0.152
6/9/2021,0.09,0.09,0.16,0.06,0.58,0.04,0.1955,0.1555
6/10/2021,0.09,0.09,0.16,0.06,0.58,0.04,0.1955,0.1555
6/11/2021,0.08,0.09,0.16,0.06,0.58,0.04,0.192,0.152
6/14/2021,0.07,0.09,0.16,0.06,0.59,0.04,0.1905,0.1505
6/15/2021,0.06,0.09,0.16,0.06,0.59,0.04,0.187,0.147
6/16/2021,0.07,0.09,0.16,0.06,0.63,0.04,0.1985,0.1585
6/17/2021,0.07,0.09,0.16,0.06,0.64,0.04,0.2005,0.1605
6/18/2021,0.07,0.09,0.16,0.06,0.68,0.04,0.2085,0.1685
6/21/2021,0.07,0.09,0.16,0.06,0.67,0.04,0.2065,0.1665
6/22/2021,0.1,0.09,0.16,0.06,0.65,0.04,0.213,0.173
6/23/2021,0.09,0.09,0.16,0.06,0.66,0.04,0.2115,0.1715
6/24/2021,0.12,0.09,0.16,0.06,0.67,0.04,0.224,0.184
6/25/2021,0.11,0.09,0.16,0.06,0.68,0.04,0.2225,0.1825
6/28/2021,0.12,0.09,0.16,0.06,0.65,0.04,0.22,0.18
6/29/2021,0.11,0.09,0.16,0.06,0.64,0.04,0.2145,0.1745
6/30/2021,0.1,0.09,0.16,0.06,0.66,0.04,0.215,0.175
7/1/2021,0.12,0.1,0.16,0.06,0.68,0.05,0.228,0.178
7/2/2021,0.1,0.1,0.16,0.06,0.66,0.05,0.217,0.167
7/5/2021,0.1,0.1,0.16,0.06,0.65,0.05,0.215,0.165
7/6/2021,0.11,0.1,0.16,0.06,0.63,0.05,0.2145,0.1645
7/7/2021,0.11,0.1,0.16,0.06,0.62,0.05,0.2125,0.1625
7/8/2021,0.11,0.1,0.16,0.06,0.61,0.05,0.2105,0.1605
7/9/2021,0.11,0.1,0.16,0.06,0.64,0.05,0.2165,0.1665
7/12/2021,0.11,0.1,0.16,0.06,0.64,0.05,0.2165,0.1665
7/13/2021,0.11,0.1,0.16,0.06,0.68,0.05,0.2245,0.1745
7/14/2021,0.11,0.1,0.16,0.06,0.65,0.05,0.2185,0.1685
7/15/2021,0.11,0.1,0.16,0.06,0.65,0.05,0.2185,0.1685
7/16/2021,0.08,0.1,0.16,0.06,0.65,0.05,0.208,0.158
7/19/2021,0.08,0.1,0.16,0.06,0.63,0.05,0.204,0.154
7/20/2021,0.11,0.1,0.16,0.06,0.63,0.05,0.2145,0.1645
7/21/2021,0.11,0.1,0.16,0.06,0.64,0.05,0.2165,0.1665
7/22/2021,0.11,0.1,0.16,0.06,0.64,0.05,0.2165,0.1665
7/23/2021,0.11,0.1,0.16,0.06,0.63,0.05,0.2145,0.1645
7/26/2021,0.11,0.1,0.16,0.06,0.64,0.05,0.2165,0.1665
7/27/2021,0.11,0.1,0.16,0.06,0.62,0.05,0.2125,0.1625
7/28/2021,0.09,0.1,0.16,0.06,0.63,0.05,0.2075,0.1575
7/29/2021,0.08,0.1,0.16,0.06,0.61,0.05,0.2,0.15
7/30/2021,0.09,0.1,0.16,0.06,0.59,0.05,0.1995,0.1495
7/31/2021,0.09,0.1,0.16,0.06,0.61,0.05,0.2035,0.1535
8/1/2021,0.09,0.1,0.16,0.06,0.61,0.05,0.2035,0.1535
8/2/2021,0.11,0.1,0.16,0.06,0.6,0.05,0.2085,0.1585
8/3/2021,0.15,0.1,0.16,0.06,0.6,0.05,0.2225,0.1725
8/4/2021,0.09,0.1,0.16,0.06,0.62,0.05,0.2055,0.1555
8/5/2021,0.09,0.1,0.16,0.06,0.64,0.05,0.2095,0.1595
8/6/2021,0.09,0.1,0.16,0.06,0.65,0.05,0.2115,0.1615
8/9/2021,0.11,0.1,0.16,0.06,0.65,0.05,0.2185,0.1685
8/10/2021,0.11,0.1,0.16,0.06,0.67,0.05,0.2225,0.1725
8/11/2021,0.11,0.1,0.16,0.06,0.66,0.05,0.2205,0.1705
8/12/2021,0.1,0.1,0.16,0.06,0.68,0.05,0.221,0.171
8/13/2021,0.1,0.1,0.16,0.06,0.65,0.05,0.215,0.165
8/16/2021,0.1,0.1,0.16,0.06,0.64,0.05,0.213,0.163
8/17/2021,0.1,0.1,0.16,0.06,0.65,0.05,0.215,0.165
8/18/2021,0.1,0.1,0.16,0.06,0.66,0.05,0.217,0.167
8/19/2021,0.1,0.1,0.16,0.06,0.67,0.05,0.219,0.169
8/20/2021,0.09,0.1,0.16,0.06,0.68,0.05,0.2175,0.1675
8/23/2021,0.09,0.1,0.16,0.06,0.66,0.05,0.2135,0.1635
8/24/2021,0.08,0.1,0.16,0.06,0.66,0.05,0.21,0.16
8/25/2021,0.08,0.1,0.16,0.06,0.66,0.05,0.21,0.16
8/26/2021,0.09,0.1,0.16,0.06,0.66,0.05,0.2135,0.1635
8/27/2021,0.09,0.1,0.16,0.06,0.63,0.05,0.2075,0.1575
8/30/2021,0.1,0.1,0.16,0.06,0.61,0.05,0.207,0.157
8/31/2021,0.09,0.1,0.16,0.06,0.63,0.05,0.2075,0.1575
9/1/2021,0.09,0.1,0.16,0.06,0.63,0.04,0.2075,0.1675
9/2/2021,0.1,0.1,0.16,0.06,0.64,0.04,0.213,0.173
9/3/2021,0.1,0.1,0.16,0.06,0.64,0.04,0.213,0.173
9/6/2021,0.1,0.1,0.16,0.06,0.63,0.04,0.211,0.171
9/7/2021,0.09,0.1,0.16,0.06,0.64,0.04,0.2095,0.1695
9/8/2021,0.09,0.1,0.16,0.06,0.64,0.04,0.2095,0.1695
9/9/2021,0.09,0.1,0.16,0.06,0.63,0.04,0.2075,0.1675
9/10/2021,0.09,0.1,0.16,0.06,0.64,0.04,0.2095,0.1695
9/13/2021,0.09,0.1,0.16,0.06,0.63,0.04,0.2075,0.1675
9/14/2021,0.08,0.1,0.16,0.06,0.62,0.04,0.202,0.162
9/15/2021,0.08,0.1,0.16,0.06,0.62,0.04,0.202,0.162
9/16/2021,0.1,0.1,0.16,0.06,0.64,0.04,0.213,0.173
9/17/2021,0.1,0.1,0.16,0.06,0.64,0.04,0.213,0.173
9/20/2021,0.1,0.1,0.16,0.06,0.63,0.04,0.211,0.171
9/21/2021,0.1,0.1,0.16,0.06,0.63,0.04,0.211,0.171
9/22/2021,0.1,0.1,0.16,0.06,0.65,0.04,0.215,0.175
9/23/2021,0.1,0.1,0.16,0.06,0.67,0.04,0.219,0.179
9/24/2021,0.09,0.1,0.16,0.06,0.68,0.04,0.2175,0.1775
9/27/2021,0.1,0.1,0.16,0.06,0.67,0.04,0.219,0.179
9/28/2021,0.1,0.1,0.16,0.06,0.67,0.04,0.219,0.179
9/29/2021,0.14,0.1,0.16,0.06,0.67,0.04,0.233,0.193
9/30/2021,0.1,0.1,0.16,0.06,0.7,0.04,0.225,0.185
10/1/2021,0.1,0.11,0.16,0.06,0.67,0.05,0.221,0.171
10/4/2021,0.1,0.11,0.16,0.06,0.68,0.05,0.223,0.173
10/5/2021,0.1,0.11,0.16,0.06,0.69,0.05,0.225,0.175
10/6/2021,0.11,0.11,0.16,0.06,0.71,0.05,0.2325,0.1825
10/7/2021,0.1,0.11,0.16,0.06,0.73,0.05,0.233,0.183
10/8/2021,0.1,0.11,0.16,0.06,0.75,0.05,0.237,0.187
10/11/2021,0.1,0.11,0.16,0.06,0.74,0.05,0.235,0.185
10/12/2021,0.1,0.11,0.16,0.06,0.77,0.05,0.241,0.191
10/13/2021,0.1,0.11,0.16,0.06,0.79,0.05,0.245,0.195
10/14/2021,0.12,0.11,0.16,0.06,0.77,0.05,0.248,0.198
10/15/2021,0.11,0.11,0.16,0.06,0.81,0.05,0.2525,0.2025
10/18/2021,0.11,0.11,0.16,0.06,0.84,0.05,0.2585,0.2085
10/19/2021,0.11,0.11,0.16,0.06,0.82,0.05,0.2545,0.2045
10/20/2021,0.11,0.11,0.16,0.06,0.81,0.05,0.2525,0.2025
10/21/2021,0.13,0.11,0.16,0.06,0.88,0.05,0.2735,0.2235
10/22/2021,0.13,0.11,0.16,0.06,0.9,0.05,0.2775,0.2275
10/25/2021,0.13,0.11,0.16,0.06,0.87,0.05,0.2715,0.2215
10/26/2021,0.1,0.11,0.16,0.06,0.88,0.05,0.263,0.213
10/27/2021,0.11,0.11,0.16,0.06,0.88,0.05,0.2665,0.2165
10/28/2021,0.12,0.11,0.16,0.06,0.91,0.05,0.276,0.226
10/29/2021,0.11,0.11,0.16,0.06,0.9,0.05,0.2705,0.2205
10/31/2021,0.11,0.11,0.16,0.06,0.93,0.05,0.2765,0.2265
11/1/2021,0.13,0.14,0.16,0.06,0.96,0.05,0.2955,0.2455
11/2/2021,0.17,0.14,0.16,0.06,0.9,0.05,0.2975,0.2475
11/3/2021,0.11,0.14,0.16,0.06,0.93,0.05,0.2825,0.2325
11/4/2021,0.13,0.14,0.16,0.06,0.87,0.05,0.2775,0.2275
11/5/2021,0.11,0.14,0.16,0.06,0.84,0.05,0.2645,0.2145
11/8/2021,0.13,0.14,0.16,0.06,0.88,0.05,0.2795,0.2295
11/9/2021,0.16,0.14,0.16,0.06,0.85,0.05,0.284,0.234
11/10/2021,0.12,0.14,0.16,0.06,0.95,0.05,0.29,0.24
11/11/2021,0.12,0.14,0.16,0.06,0.95,0.05,0.29,0.24
11/12/2021,0.13,0.14,0.16,0.06,0.98,0.05,0.2995,0.2495
11/15/2021,0.15,0.14,0.16,0.06,0.99,0.05,0.3085,0.2585
11/16/2021,0.15,0.14,0.16,0.06,1,0.05,0.3105,0.2605
11/17/2021,0.13,0.14,0.16,0.06,0.99,0.05,0.3015,0.2515
11/18/2021,0.14,0.14,0.16,0.06,0.99,0.05,0.305,0.255
11/19/2021,0.14,0.14,0.16,0.06,1,0.05,0.307,0.257
11/22/2021,0.14,0.14,0.16,0.06,1.07,0.05,0.321,0.271
11/23/2021,0.15,0.14,0.16,0.06,1.07,0.05,0.3245,0.2745
11/24/2021,0.12,0.14,0.16,0.06,1.11,0.05,0.322,0.272
11/25/2021,0.12,0.14,0.16,0.06,1.11,0.05,0.322,0.272
11/26/2021,0.15,0.14,0.16,0.06,1.03,0.05,0.3165,0.2665
11/29/2021,0.15,0.14,0.16,0.06,1.03,0.05,0.3165,0.2665
11/30/2021,0.21,0.14,0.16,0.06,1.08,0.05,0.3475,0.2975
12/1/2021,0.15,0.17,0.16,0.06,1.11,0.06,0.3385,0.2785
12/2/2021,0.21,0.17,0.16,0.06,1.18,0.06,0.3735,0.3135
12/3/2021,0.17,0.17,0.16,0.06,1.13,0.06,0.3495,0.2895
12/6/2021,0.17,0.17,0.16,0.06,1.17,0.06,0.3575,0.2975
12/7/2021,0.16,0.17,0.16,0.06,1.2,0.06,0.36,0.3
12/8/2021,0.16,0.17,0.16,0.06,1.2,0.06,0.36,0.3
12/9/2021,0.16,0.17,0.16,0.06,1.21,0.06,0.362,0.302
12/10/2021,0.17,0.17,0.16,0.06,1.19,0.06,0.3615,0.3015
12/13/2021,0.17,0.17,0.16,0.06,1.18,0.06,0.3595,0.2995
12/14/2021,0.17,0.17,0.16,0.06,1.19,0.06,0.3615,0.3015
12/15/2021,0.13,0.17,0.16,0.06,1.22,0.06,0.3535,0.2935
12/16/2021,0.17,0.17,0.16,0.06,1.15,0.06,0.3535,0.2935
12/17/2021,0.17,0.17,0.16,0.06,1.17,0.06,0.3575,0.2975
12/20/2021,0.22,0.17,0.16,0.06,1.16,0.06,0.373,0.313
12/21/2021,0.18,0.17,0.16,0.06,1.19,0.06,0.365,0.305
12/22/2021,0.18,0.17,0.16,0.06,1.18,0.06,0.363,0.303
12/23/2021,0.18,0.17,0.16,0.06,1.19,0.06,0.365,0.305
12/24/2021,0.18,0.17,0.16,0.06,1.19,0.06,0.365,0.305
12/27/2021,0.18,0.17,0.16,0.06,1.2,0.06,0.367,0.307
12/28/2021,0.18,0.17,0.16,0.06,1.18,0.06,0.363,0.303
12/29/2021,0.18,0.17,0.16,0.06,1.18,0.06,0.363,0.303
12/30/2021,0.13,0.17,0.16,0.06,1.17,0.06,0.3435,0.2835
12/31/2021,0.13,0.17,0.16,0.06,1.21,0.06,0.3515,0.2915
1/1/2022,0.13,0.22,0.16,0.06,1.21,0.15,0.3615,0.2115
1/3/2022,0.14,0.22,0.16,0.06,1.26,0.15,0.375,0.225
1/4/2022,0.14,0.22,0.16,0.06,1.24,0.15,0.371,0.221
1/5/2022,0.18,0.22,0.16,0.06,1.28,0.15,0.393,0.243
1/6/2022,0.16,0.22,0.16,0.06,1.33,0.15,0.396,0.246
1/7/2022,0.18,0.22,0.16,0.06,1.32,0.15,0.401,0.251
1/10/2022,0.2,0.22,0.16,0.06,1.35,0.15,0.414,0.264
1/11/2022,0.21,0.22,0.16,0.06,1.34,0.15,0.4155,0.2655
1/12/2022,0.17,0.22,0.16,0.06,1.35,0.15,0.4035,0.2535
1/13/2022,0.21,0.22,0.16,0.06,1.34,0.15,0.4155,0.2655
1/14/2022,0.21,0.22,0.16,0.06,1.41,0.15,0.4295,0.2795
1/17/2022,0.21,0.22,0.16,0.06,1.4,0.15,0.4275,0.2775
1/18/2022,0.23,0.22,0.16,0.06,1.48,0.15,0.4505,0.3005
1/19/2022,0.22,0.22,0.16,0.06,1.47,0.15,0.445,0.295
1/20/2022,0.22,0.22,0.16,0.06,1.49,0.15,0.449,0.299
1/21/2022,0.23,0.22,0.16,0.06,1.46,0.15,0.4465,0.2965
1/24/2022,0.23,0.22,0.16,0.06,1.44,0.15,0.4425,0.2925
1/25/2022,0.29,0.22,0.16,0.06,1.47,0.15,0.4695,0.3195
1/26/2022,0.24,0.22,0.16,0.06,1.52,0.15,0.462,0.312
1/27/2022,0.3,0.22,0.16,0.06,1.63,0.15,0.505,0.355
1/28/2022,0.3,0.22,0.16,0.06,1.64,0.15,0.507,0.357
1/31/2022,0.3,0.22,0.16,0.06,1.71,0.15,0.521,0.371
2/1/2022,0.22,0.38,0.16,0.06,1.69,0.33,0.521,0.191
2/2/2022,0.29,0.38,0.16,0.06,1.68,0.33,0.5435,0.2135
2/3/2022,0.29,0.38,0.16,0.06,1.7,0.33,0.5475,0.2175
2/4/2022,0.29,0.38,0.16,0.06,1.82,0.33,0.5715,0.2415
2/7/2022,0.29,0.38,0.16,0.06,1.8,0.33,0.5675,0.2375
2/8/2022,0.36,0.38,0.16,0.06,1.83,0.33,0.598,0.268
2/9/2022,0.36,0.38,0.16,0.06,1.84,0.33,0.6,0.27
2/10/2022,0.36,0.38,0.16,0.06,2.02,0.33,0.636,0.306
2/11/2022,0.36,0.38,0.16,0.06,2,0.33,0.632,0.302
2/14/2022,0.36,0.38,0.16,0.06,2.07,0.33,0.646,0.316
2/15/2022,0.36,0.38,0.16,0.06,2.06,0.33,0.644,0.314
2/16/2022,0.36,0.38,0.16,0.06,2.05,0.33,0.642,0.312
2/17/2022,0.42,0.38,0.16,0.06,2.03,0.33,0.659,0.329
2/18/2022,0.39,0.38,0.16,0.06,2.03,0.33,0.6485,0.3185
2/21/2022,0.39,0.38,0.16,0.06,2.04,0.33,0.6505,0.3205
2/22/2022,0.4,0.38,0.16,0.06,2.12,0.33,0.67,0.34
2/23/2022,0.42,0.38,0.16,0.06,2.15,0.33,0.683,0.353
2/24/2022,0.44,0.38,0.16,0.06,2.18,0.33,0.696,0.366
2/25/2022,0.42,0.38,0.16,0.06,2.21,0.33,0.695,0.365
2/28/2022,0.49,0.38,0.16,0.06,2.21,0.33,0.7195,0.3895
3/1/2022,0.54,0.73,0.16,0.06,2.13,0.44,0.791,0.351
3/2/2022,0.53,0.73,0.16,0.06,2.33,0.44,0.8275,0.3875
3/3/2022,0.62,0.73,0.16,0.06,2.35,0.44,0.863,0.423
3/4/2022,1.12,0.73,0.16,0.06,2.34,0.44,1.036,0.596
3/7/2022,0.72,0.73,0.16,0.06,2.43,0.44,0.914,0.474
3/8/2022,0.53,0.73,0.16,0.06,2.59,0.44,0.8795,0.4395
3/9/2022,0.49,0.73,0.16,0.06,2.62,0.44,0.8715,0.4315
3/10/2022,0.55,0.73,0.16,0.06,2.68,0.44,0.9045,0.4645
3/11/2022,0.5,0.73,0.16,0.06,2.72,0.44,0.895,0.455
3/14/2022,0.71,0.73,0.16,0.06,2.83,0.44,0.9905,0.5505
3/15/2022,0.91,0.73,0.16,0.06,2.87,0.44,1.0685,0.6285
3/16/2022,0.9,0.73,0.16,0.06,2.94,0.44,1.079,0.639
3/17/2022,1.01,0.73,0.16,0.06,2.86,0.44,1.1015,0.6615
3/18/2022,0.8,0.73,0.16,0.06,2.85,0.44,1.026,0.586
3/21/2022,0.79,0.73,0.16,0.06,2.97,0.44,1.0465,0.6065
3/22/2022,0.88,0.73,0.16,0.06,2.98,0.44,1.08,0.64
3/23/2022,0.71,0.73,0.16,0.06,2.93,0.44,1.0105,0.5705
3/24/2022,0.71,0.73,0.16,0.06,2.95,0.44,1.0145,0.5745
3/25/2022,0.75,0.73,0.16,0.06,3.09,0.44,1.0565,0.6165
3/28/2022,0.75,0.73,0.16,0.06,3.11,0.44,1.0605,0.6205
3/29/2022,0.84,0.73,0.16,0.06,3.05,0.44,1.08,0.64
3/30/2022,0.84,0.73,0.16,0.06,3.01,0.44,1.072,0.632
3/31/2022,0.84,0.73,0.16,0.06,2.86,0.44,1.042,0.602
4/1/2022,0.61,0.91,0.16,0.06,2.98,0.76,1.0215,0.2615
4/4/2022,0.86,0.91,0.16,0.06,2.98,0.76,1.109,0.349
4/5/2022,0.86,0.91,0.16,0.06,3.04,0.76,1.121,0.361
4/6/2022,0.87,0.91,0.16,0.06,3.05,0.76,1.1265,0.3665
4/7/2022,0.85,0.91,0.16,0.06,3.02,0.76,1.1135,0.3535
4/8/2022,0.81,0.91,0.16,0.06,3.09,0.76,1.1135,0.3535
4/11/2022,0.75,0.91,0.16,0.06,3.1,0.76,1.0945,0.3345
4/12/2022,0.75,0.91,0.16,0.06,3.01,0.76,1.0765,0.3165
4/13/2022,0.86,0.91,0.16,0.06,2.99,0.76,1.111,0.351
4/14/2022,0.81,0.91,0.16,0.06,3.07,0.76,1.1095,0.3495
4/15/2022,0.81,0.91,0.16,0.06,3.07,0.76,1.1095,0.3495
4/18/2022,0.81,0.91,0.16,0.06,3.09,0.76,1.1135,0.3535
4/19/2022,0.84,0.91,0.16,0.06,3.2,0.76,1.146,0.386
4/20/2022,1.09,0.91,0.16,0.06,3.2,0.76,1.2335,0.4735
4/21/2022,1.13,0.91,0.16,0.06,3.32,0.76,1.2715,0.5115
4/22/2022,1.11,0.91,0.16,0.06,3.35,0.76,1.2705,0.5105
4/25/2022,0.91,0.91,0.16,0.06,3.28,0.76,1.1865,0.4265
4/26/2022,0.91,0.91,0.16,0.06,3.21,0.76,1.1725,0.4125
4/27/2022,1,0.91,0.16,0.06,3.21,0.76,1.204,0.444
4/28/2022,0.85,0.91,0.16,0.06,3.28,0.76,1.1655,0.4055
4/29/2022,1.28,0.91,0.16,0.06,3.35,0.76,1.33,0.57
4/30/2022,1.28,0.91,0.16,0.06,3.43,0.76,1.346,0.586
5/1/2022,1.28,1.33,0.16,0.07,3.43,0.98,1.431,0.451
5/2/2022,1.2,1.33,0.16,0.07,3.46,0.98,1.409,0.429
5/3/2022,1.21,1.33,0.16,0.07,3.48,0.98,1.4165,0.4365
5/4/2022,1.05,1.33,0.16,0.07,3.35,0.98,1.3345,0.3545
5/5/2022,1.26,1.33,0.16,0.07,3.44,0.98,1.426,0.446
5/6/2022,1.27,1.33,0.16,0.07,3.45,0.98,1.4315,0.4515
5/9/2022,1.27,1.33,0.16,0.07,3.41,0.98,1.4235,0.4435
5/10/2022,1.37,1.33,0.16,0.07,3.4,0.98,1.4565,0.4765
5/11/2022,1.37,1.33,0.16,0.07,3.41,0.98,1.4585,0.4785
5/12/2022,1.4,1.33,0.16,0.07,3.32,0.98,1.451,0.471
5/13/2022,1.4,1.33,0.16,0.07,3.4,0.98,1.467,0.487
5/16/2022,1.4,1.33,0.16,0.07,3.37,0.98,1.461,0.481
5/17/2022,1.37,1.33,0.16,0.07,3.49,0.98,1.4745,0.4945
5/18/2022,1.37,1.33,0.16,0.07,3.48,0.98,1.4725,0.4925
5/19/2022,1.4,1.33,0.16,0.07,3.44,0.98,1.475,0.495
5/20/2022,1.4,1.33,0.16,0.07,3.41,0.98,1.469,0.489
5/23/2022,1.25,1.33,0.16,0.07,3.45,0.98,1.4245,0.4445
5/24/2022,1.31,1.33,0.16,0.07,3.33,0.98,1.4215,0.4415
5/25/2022,1.5,1.33,0.16,0.07,3.27,0.98,1.476,0.496
5/26/2022,1.52,1.33,0.16,0.07,3.22,0.98,1.473,0.493
5/27/2022,1.52,1.33,0.16,0.07,3.22,0.98,1.473,0.493
5/30/2022,1.52,1.33,0.16,0.07,3.23,0.98,1.475,0.495
5/31/2022,1.52,1.33,0.16,0.07,3.34,0.98,1.497,0.517
6/1/2022,1.51,1.87,0.16,0.08,3.44,1.49,1.6225,0.1325
6/2/2022,1.54,1.87,0.16,0.08,3.42,1.49,1.629,0.139
6/3/2022,1.58,1.87,0.16,0.08,3.45,1.49,1.649,0.159
6/6/2022,1.55,1.87,0.16,0.08,3.51,1.49,1.6505,0.1605
6/7/2022,1.62,1.87,0.16,0.08,3.5,1.49,1.673,0.183
6/8/2022,1.65,1.87,0.16,0.08,3.54,1.49,1.6915,0.2015
6/9/2022,1.65,1.87,0.16,0.08,3.58,1.49,1.6995,0.2095
6/10/2022,1.33,1.87,0.16,0.08,3.82,1.49,1.6355,0.1455
6/13/2022,1.77,1.87,0.16,0.08,4.09,1.49,1.8435,0.3535
6/14/2022,1.76,1.87,0.16,0.08,4.24,1.49,1.87,0.38
6/15/2022,1.76,1.87,0.16,0.08,4.1,1.49,1.842,0.352
6/16/2022,2.13,1.87,0.16,0.08,4.04,1.49,1.9595,0.4695
6/17/2022,2.05,1.87,0.16,0.08,4.07,1.49,1.9375,0.4475
6/20/2022,2.05,1.87,0.16,0.08,4.08,1.49,1.9395,0.4495
6/21/2022,2.05,1.87,0.16,0.08,4.09,1.49,1.9415,0.4515
6/22/2022,2.14,1.87,0.16,0.08,3.99,1.49,1.953,0.463
6/23/2022,2.23,1.87,0.16,0.08,3.96,1.49,1.9785,0.4885
6/24/2022,2.27,1.87,0.16,0.08,3.99,1.49,1.9985,0.5085
6/27/2022,2.19,1.87,0.16,0.08,4.04,1.49,1.9805,0.4905
6/28/2022,2.24,1.87,0.16,0.08,4.07,1.49,2.004,0.514
6/29/2022,2.1,1.87,0.16,0.08,4.01,1.49,1.943,0.453
6/30/2022,2.25,1.87,0.16,0.08,3.97,1.49,1.9875,0.4975
7/1/2022,2.77,2.5,0.16,0.1,3.9,2.23,2.2835,0.0535
7/4/2022,2.77,2.5,0.16,0.1,3.92,2.23,2.2875,0.0575
7/5/2022,2.14,2.5,0.16,0.1,3.87,2.23,2.057,-0.173
7/6/2022,2.26,2.5,0.16,0.1,3.99,2.23,2.123,-0.107
7/7/2022,2.26,2.5,0.16,0.1,4.02,2.23,2.129,-0.101
7/8/2022,2.37,2.5,0.16,0.1,4.08,2.23,2.1795,-0.0505
7/11/2022,2.37,2.5,0.16,0.1,4.03,2.23,2.1695,-0.0605
7/12/2022,2.37,2.5,0.16,0.1,4.01,2.23,2.1655,-0.0645
7/13/2022,2.37,2.5,0.16,0.1,4.09,2.23,2.1815,-0.0485
7/14/2022,2.37,2.5,0.16,0.1,4.12,2.23,2.1875,-0.0425
7/15/2022,2.45,2.5,0.16,0.1,4.09,2.23,2.2095,-0.0205
7/18/2022,2.45,2.5,0.16,0.1,4.09,2.23,2.2095,-0.0205
7/19/2022,2.45,2.5,0.16,0.1,4.14,2.23,2.2195,-0.0105
7/20/2022,2.45,2.5,0.16,0.1,4.15,2.23,2.2215,-0.0085
7/21/2022,2.63,2.5,0.16,0.1,4,2.23,2.2545,0.0245
7/22/2022,2.63,2.5,0.16,0.1,3.89,2.23,2.2325,0.0025
7/25/2022,2.29,2.5,0.16,0.1,3.93,2.23,2.1215,-0.1085
7/26/2022,2.65,2.5,0.16,0.1,3.95,2.23,2.2515,0.0215
7/27/2022,2.65,2.5,0.16,0.1,3.89,2.23,2.2395,0.0095
7/28/2022,2.7,2.5,0.16,0.1,3.79,2.23,2.237,0.007
7/29/2022,2.75,2.5,0.16,0.1,3.8,2.23,2.2565,0.0265
7/31/2022,2.75,2.5,0.16,0.1,3.83,2.23,2.2625,0.0325
8/1/2022,2.64,2.76,0.16,0.13,3.82,2.63,2.277,-0.353
8/2/2022,2.72,2.76,0.16,0.13,3.97,2.63,2.335,-0.295
8/3/2022,2.68,2.76,0.16,0.13,3.99,2.63,2.325,-0.305
8/4/2022,2.68,2.76,0.16,0.13,3.92,2.63,2.311,-0.319
8/5/2022,2.68,2.76,0.16,0.13,4.11,2.63,2.349,-0.281
8/8/2022,2.75,2.76,0.16,0.13,4.07,2.63,2.3655,-0.2645
8/9/2022,2.81,2.76,0.16,0.13,4.13,2.63,2.3985,-0.2315
8/10/2022,2.65,2.76,0.16,0.13,4.05,2.63,2.3265,-0.3035
8/11/2022,2.88,2.76,0.16,0.13,4.04,2.63,2.405,-0.225
8/12/2022,2.71,2.76,0.16,0.13,4.06,2.63,2.3495,-0.2805
8/15/2022,2.83,2.76,0.16,0.13,4,2.63,2.3795,-0.2505
8/16/2022,2.74,2.76,0.16,0.13,4.03,2.63,2.354,-0.276
8/17/2022,2.67,2.76,0.16,0.13,4.08,2.63,2.3395,-0.2905
8/18/2022,2.71,2.76,0.16,0.13,4.04,2.63,2.3455,-0.2845
8/19/2022,2.82,2.76,0.16,0.13,4.09,2.63,2.394,-0.236
8/22/2022,2.76,2.76,0.16,0.13,4.17,2.63,2.389,-0.241
8/23/2022,2.86,2.76,0.16,0.13,4.15,2.63,2.42,-0.21
8/24/2022,2.66,2.76,0.16,0.13,4.18,2.63,2.356,-0.274
8/25/2022,2.83,2.76,0.16,0.13,4.16,2.63,2.4115,-0.2185
8/26/2022,2.75,2.76,0.16,0.13,4.18,2.63,2.3875,-0.2425
8/29/2022,2.88,2.76,0.16,0.13,4.25,2.63,2.447,-0.183
8/30/2022,2.64,2.76,0.16,0.13,4.28,2.63,2.369,-0.261
8/31/2022,2.99,2.76,0.16,0.13,4.31,2.63,2.4975,-0.1325
9/1/2022,2.66,3.21,0.16,0.17,4.4,3.13,2.494,-0.636
9/2/2022,2.81,3.21,0.16,0.17,4.29,3.13,2.5245,-0.6055
9/5/2022,2.81,3.21,0.16,0.17,4.32,3.13,2.5305,-0.5995
9/6/2022,2.81,3.21,0.16,0.17,4.41,3.13,2.5485,-0.5815
9/7/2022,2.95,3.21,0.16,0.17,4.36,3.13,2.5875,-0.5425
9/8/2022,3.13,3.21,0.16,0.17,4.39,3.13,2.6565,-0.4735
9/9/2022,2.9,3.21,0.16,0.17,4.44,3.13,2.586,-0.544
9/12/2022,3.09,3.21,0.16,0.17,4.44,3.13,2.6525,-0.4775
9/13/2022,2.86,3.21,0.16,0.17,4.59,3.13,2.602,-0.528
9/14/2022,2.77,3.21,0.16,0.17,4.63,3.13,2.5785,-0.5515
9/15/2022,3,3.21,0.16,0.17,4.69,3.13,2.671,-0.459
9/16/2022,3.24,3.21,0.16,0.17,4.69,3.13,2.755,-0.375
9/19/2022,3.32,3.21,0.16,0.17,4.77,3.13,2.799,-0.331
9/20/2022,3.49,3.21,0.16,0.17,4.8,3.13,2.8645,-0.2655
9/21/2022,3.51,3.21,0.16,0.17,4.84,3.13,2.8795,-0.2505
9/22/2022,3.55,3.21,0.16,0.17,4.96,3.13,2.9175,-0.2125
9/23/2022,3.51,3.21,0.16,0.17,5.08,3.13,2.9275,-0.2025
9/26/2022,3.47,3.21,0.16,0.17,5.23,3.13,2.9435,-0.1865
9/27/2022,3.52,3.21,0.16,0.17,5.28,3.13,2.971,-0.159
9/28/2022,3.43,3.21,0.16,0.17,5.12,3.13,2.9075,-0.2225
9/29/2022,3.5,3.21,0.16,0.17,5.21,3.13,2.95,-0.18
9/30/2022,3.48,3.21,0.16,0.17,5.29,3.13,2.959,-0.171
10/1/2022,3.48,3.85,0.16,0.21,5.29,3.72,3.091,-0.629
10/3/2022,3.47,3.85,0.16,0.21,5.19,3.72,3.0675,-0.6525
10/4/2022,3.65,3.85,0.16,0.21,5.14,3.72,3.1205,-0.5995
10/5/2022,3.41,3.85,0.16,0.21,5.2,3.72,3.0485,-0.6715
10/6/2022,3.55,3.85,0.16,0.21,5.26,3.72,3.1095,-0.6105
10/7/2022,3.55,3.85,0.16,0.21,5.34,3.72,3.1255,-0.5945
10/10/2022,3.55,3.85,0.16,0.21,5.37,3.72,3.1315,-0.5885
10/11/2022,3.67,3.85,0.16,0.21,5.4,3.72,3.1795,-0.5405
10/12/2022,3.56,3.85,0.16,0.21,5.41,3.72,3.143,-0.577
10/13/2022,3.79,3.85,0.16,0.21,5.58,3.72,3.2575,-0.4625
10/14/2022,3.58,3.85,0.16,0.21,5.62,3.72,3.192,-0.528
10/17/2022,3.85,3.85,0.16,0.21,5.58,3.72,3.2785,-0.4415
10/18/2022,3.89,3.85,0.16,0.21,5.55,3.72,3.2865,-0.4335
10/19/2022,4.07,3.85,0.16,0.21,5.68,3.72,3.3755,-0.3445
10/20/2022,4.11,3.85,0.16,0.21,5.75,3.72,3.4035,-0.3165
10/21/2022,4.19,3.85,0.16,0.21,5.65,3.72,3.4115,-0.3085
10/24/2022,4,3.85,0.16,0.21,5.66,3.72,3.347,-0.373
10/25/2022,4.16,3.85,0.16,0.21,5.6,3.72,3.391,-0.329
10/26/2022,4.16,3.85,0.16,0.21,5.57,3.72,3.385,-0.335
10/27/2022,4,3.85,0.16,0.21,5.48,3.72,3.311,-0.409
10/28/2022,3.83,3.85,0.16,0.21,5.56,3.72,3.2675,-0.4525
10/31/2022,4.25,3.85,0.16,0.21,5.65,3.72,3.4325,-0.2875
11/1/2022,4.25,4.46,0.16,0.24,5.69,4.15,3.5655,-0.5845
11/2/2022,4.25,4.46,0.16,0.24,5.73,4.15,3.5735,-0.5765
11/3/2022,4.27,4.46,0.16,0.24,5.83,4.15,3.6005,-0.5495
11/4/2022,4.27,4.46,0.16,0.24,5.8,4.15,3.5945,-0.5555
11/7/2022,4.39,4.46,0.16,0.24,5.83,4.15,3.6425,-0.5075
11/8/2022,4.59,4.46,0.16,0.24,5.76,4.15,3.6985,-0.4515
11/9/2022,4.24,4.46,0.16,0.24,5.7,4.15,3.564,-0.586
11/10/2022,4.6,4.46,0.16,0.24,5.4,4.15,3.63,-0.52
11/11/2022,4.6,4.46,0.16,0.24,5.4,4.15,3.63,-0.52
11/14/2022,4.6,4.46,0.16,0.24,5.42,4.15,3.634,-0.516
11/15/2022,4.22,4.46,0.16,0.24,5.33,4.15,3.483,-0.667
11/16/2022,4.35,4.46,0.16,0.24,5.31,4.15,3.5245,-0.6255
11/17/2022,4.33,4.46,0.16,0.24,5.38,4.15,3.5315,-0.6185
11/18/2022,4.59,4.46,0.16,0.24,5.43,4.15,3.6325,-0.5175
11/21/2022,4.59,4.46,0.16,0.24,5.45,4.15,3.6365,-0.5135
11/22/2022,4.63,4.46,0.16,0.24,5.42,4.15,3.6445,-0.5055
11/23/2022,4.63,4.46,0.16,0.24,5.37,4.15,3.6345,-0.5155
11/24/2022,4.63,4.46,0.16,0.24,5.39,4.15,3.6385,-0.5115
11/25/2022,4.55,4.46,0.16,0.24,5.36,4.15,3.6045,-0.5455
11/28/2022,4.56,4.46,0.16,0.24,5.34,4.15,3.604,-0.546
11/29/2022,4.49,4.46,0.16,0.24,5.37,4.15,3.5855,-0.5645
11/30/2022,4.49,4.46,0.16,0.24,5.23,4.15,3.5575,-0.5925
12/1/2022,4.42,4.51,0.16,0.3,5.11,4.25,3.525,-0.725
12/2/2022,4.47,4.51,0.16,0.3,5.13,4.25,3.5465,-0.7035
12/5/2022,4.29,4.51,0.16,0.3,5.27,4.25,3.5115,-0.7385
12/6/2022,4.57,4.51,0.16,0.3,5.23,4.25,3.6015,-0.6485
12/7/2022,4.41,4.51,0.16,0.3,5.14,4.25,3.5275,-0.7225
12/8/2022,4.37,4.51,0.16,0.3,5.19,4.25,3.5235,-0.7265
12/9/2022,4.57,4.51,0.16,0.3,5.22,4.25,3.5995,-0.6505
12/12/2022,4.44,4.51,0.16,0.3,5.26,4.25,3.562,-0.688
12/13/2022,4.5,4.51,0.16,0.3,5.13,4.25,3.557,-0.693
12/14/2022,4.58,4.51,0.16,0.3,5.11,4.25,3.581,-0.669
12/15/2022,4.71,4.51,0.16,0.3,5.13,4.25,3.6305,-0.6195
12/16/2022,4.64,4.51,0.16,0.3,5.12,4.25,3.604,-0.646
12/19/2022,4.64,4.51,0.16,0.3,5.19,4.25,3.618,-0.632
12/20/2022,4.55,4.51,0.16,0.3,5.21,4.25,3.5905,-0.6595
12/21/2022,4.55,4.51,0.16,0.3,5.16,4.25,3.5805,-0.6695
12/22/2022,4.55,4.51,0.16,0.3,5.19,4.25,3.5865,-0.6635
12/23/2022,4.55,4.51,0.16,0.3,5.23,4.25,3.5945,-0.6555
12/26/2022,4.55,4.51,0.16,0.3,5.23,4.25,3.5945,-0.6555
12/27/2022,4.55,4.51,0.16,0.3,5.31,4.25,3.6105,-0.6395
12/28/2022,4.56,4.51,0.16,0.3,5.31,4.25,3.614,-0.636
12/29/2022,4.56,4.51,0.16,0.3,5.3,4.25,3.612,-0.638
12/30/2022,4.56,4.51,0.16,0.3,5.33,4.25,3.618,-0.632
12/31/2022,4.56,4.51,0.16,0.3,5.35,4.25,3.622,-0.628
1/1/2023,4.56,4.61,0.16,0.33,5.35,4.54,3.645,-0.895
1/2/2023,4.56,4.61,0.16,0.33,5.35,4.54,3.645,-0.895
1/3/2023,4.57,4.61,0.16,0.33,5.33,4.54,3.6445,-0.8955
1/4/2023,4.59,4.61,0.16,0.33,5.29,4.54,3.6435,-0.8965
1/5/2023,4.51,4.61,0.16,0.33,5.36,4.54,3.6295,-0.9105
1/6/2023,4.67,4.61,0.16,0.33,5.19,4.54,3.6515,-0.8885
1/9/2023,4.69,4.61,0.16,0.33,5.13,4.54,3.6465,-0.8935
1/10/2023,4.66,4.61,0.16,0.33,5.15,4.54,3.64,-0.9
1/11/2023,4.66,4.61,0.16,0.33,5.11,4.54,3.632,-0.908
1/12/2023,4.66,4.61,0.16,0.33,5.02,4.54,3.614,-0.926
1/13/2023,4.67,4.61,0.16,0.33,5.09,4.54,3.6315,-0.9085
1/16/2023,4.67,4.61,0.16,0.33,5.11,4.54,3.6355,-0.9045
1/17/2023,4.67,4.61,0.16,0.33,5.06,4.54,3.6255,-0.9145
1/18/2023,4.53,4.61,0.16,0.33,4.95,4.54,3.5545,-0.9855
1/19/2023,4.48,4.61,0.16,0.33,4.98,4.54,3.543,-0.997
1/20/2023,4.6,4.61,0.16,0.33,5.03,4.54,3.595,-0.945
1/23/2023,4.55,4.61,0.16,0.33,5.07,4.54,3.5855,-0.9545
1/24/2023,4.55,4.61,0.16,0.33,5.04,4.54,3.5795,-0.9605
1/25/2023,4.55,4.61,0.16,0.33,5.03,4.54,3.5775,-0.9625
1/26/2023,4.71,4.61,0.16,0.33,5.05,4.54,3.6375,-0.9025
1/27/2023,4.71,4.61,0.16,0.33,5.06,4.54,3.6395,-0.9005
1/30/2023,4.71,4.61,0.16,0.33,5.08,4.54,3.6435,-0.8965
1/31/2023,4.73,4.61,0.16,0.33,5.01,4.54,3.6365,-0.9035
2/1/2023,4.73,4.74,0.16,0.35,4.92,4.65,3.6465,-1.0035
2/2/2023,4.73,4.74,0.16,0.35,4.9,4.65,3.6425,-1.0075
2/3/2023,4.73,4.74,0.16,0.35,5.08,4.65,3.6785,-0.9715
2/6/2023,4.73,4.74,0.16,0.35,5.23,4.65,3.7085,-0.9415
2/7/2023,4.75,4.74,0.16,0.35,5.21,4.65,3.7115,-0.9385
2/8/2023,4.73,4.74,0.16,0.35,5.18,4.65,3.6985,-0.9515
2/9/2023,4.75,4.74,0.16,0.35,5.22,4.65,3.7135,-0.9365
2/10/2023,4.7,4.74,0.16,0.35,5.27,4.65,3.706,-0.944
2/13/2023,4.7,4.74,0.16,0.35,5.28,4.65,3.708,-0.942
2/14/2023,4.7,4.74,0.16,0.35,5.36,4.65,3.724,-0.926
2/15/2023,4.79,4.74,0.16,0.35,5.36,4.65,3.7555,-0.8945
2/16/2023,4.7,4.74,0.16,0.35,5.38,4.65,3.728,-0.922
2/17/2023,4.7,4.74,0.16,0.35,5.37,4.65,3.726,-0.924
2/20/2023,4.7,4.74,0.16,0.35,5.39,4.65,3.73,-0.92
2/21/2023,4.7,4.74,0.16,0.35,5.49,4.65,3.75,-0.9
2/22/2023,4.76,4.74,0.16,0.35,5.49,4.65,3.771,-0.879
2/23/2023,4.76,4.74,0.16,0.35,5.48,4.65,3.769,-0.881
2/24/2023,4.76,4.74,0.16,0.35,5.58,4.65,3.789,-0.861
2/27/2023,4.82,4.74,0.16,0.35,5.55,4.65,3.804,-0.846
2/28/2023,4.82,4.74,0.16,0.35,5.56,4.65,3.806,-0.844
3/1/2023,4.82,4.91,0.16,0.37,5.65,4.69,3.86,-0.83
3/2/2023,4.84,4.91,0.16,0.37,5.64,4.69,3.865,-0.825
3/3/2023,4.84,4.91,0.16,0.37,5.59,4.69,3.855,-0.835
3/6/2023,4.84,4.91,0.16,0.37,5.61,4.69,3.859,-0.831
3/7/2023,4.84,4.91,0.16,0.37,5.73,4.69,3.883,-0.807
3/8/2023,4.84,4.91,0.16,0.37,5.8,4.69,3.897,-0.793
3/9/2023,4.84,4.91,0.16,0.37,5.66,4.69,3.869,-0.821
3/10/2023,4.84,4.91,0.16,0.37,5.45,4.69,3.827,-0.863
3/13/2023,4.84,4.91,0.16,0.37,5.13,4.69,3.763,-0.927
3/14/2023,4.84,4.91,0.16,0.37,5.39,4.69,3.815,-0.875
3/15/2023,4.84,4.91,0.16,0.37,5.33,4.69,3.803,-0.887
3/16/2023,4.84,4.91,0.16,0.37,5.58,4.69,3.853,-0.837
3/17/2023,4.74,4.91,0.16,0.37,5.34,4.69,3.77,-0.92
3/20/2023,4.74,4.91,0.16,0.37,5.4,4.69,3.782,-0.908
3/21/2023,4.74,4.91,0.16,0.37,5.51,4.69,3.804,-0.886
3/22/2023,4.74,4.91,0.16,0.37,5.25,4.69,3.752,-0.938
3/23/2023,4.98,4.91,0.16,0.37,5.12,4.69,3.81,-0.88
3/24/2023,4.98,4.91,0.16,0.37,5.15,4.69,3.816,-0.874
3/27/2023,4.98,4.91,0.16,0.37,5.36,4.69,3.858,-0.832
3/28/2023,4.87,4.91,0.16,0.37,5.42,4.69,3.8315,-0.8585
3/29/2023,4.87,4.91,0.16,0.37,5.45,4.69,3.8375,-0.8525
3/30/2023,5.05,4.91,0.16,0.37,5.41,4.69,3.8925,-0.7975
3/31/2023,4.98,4.91,0.16,0.37,5.27,4.69,3.84,-0.85
4/1/2023,4.98,5.03,0.16,0.39,5.27,4.92,3.866,-1.054
4/3/2023,4.98,5.03,0.16,0.39,5.17,4.92,3.846,-1.074
4/4/2023,4.87,5.03,0.16,0.39,5.04,4.92,3.7815,-1.1385
4/5/2023,5.09,5.03,0.16,0.39,5.02,4.92,3.8545,-1.0655
4/6/2023,5.09,5.03,0.16,0.39,5.05,4.92,3.8605,-1.0595
4/7/2023,5.09,5.03,0.16,0.39,5.05,4.92,3.8605,-1.0595
4/10/2023,5.09,5.03,0.16,0.39,5.22,4.92,3.8945,-1.0255
4/11/2023,5.01,5.03,0.16,0.39,5.23,4.92,3.8685,-1.0515
4/12/2023,5.01,5.03,0.16,0.39,5.16,4.92,3.8545,-1.0655
4/13/2023,5.01,5.03,0.16,0.39,5.14,4.92,3.8505,-1.0695
4/14/2023,5.01,5.03,0.16,0.39,5.23,4.92,3.8685,-1.0515
4/17/2023,5,5.03,0.16,0.39,5.29,4.92,3.877,-1.043
4/18/2023,5,5.03,0.16,0.39,5.3,4.92,3.879,-1.041
4/19/2023,5,5.03,0.16,0.39,5.33,4.92,3.885,-1.035
4/20/2023,5,5.03,0.16,0.39,5.24,4.92,3.867,-1.053
4/21/2023,5.02,5.03,0.16,0.39,5.26,4.92,3.878,-1.042
4/24/2023,5.02,5.03,0.16,0.39,5.22,4.92,3.87,-1.05
4/25/2023,5.02,5.03,0.16,0.39,5.03,4.92,3.832,-1.088
4/26/2023,5.08,5.03,0.16,0.39,5.11,4.92,3.869,-1.051
4/27/2023,5.03,5.03,0.16,0.39,5.24,4.92,3.8775,-1.0425
4/28/2023,5.1,5.03,0.16,0.39,5.18,4.92,3.89,-1.03
4/30/2023,5.1,5.03,0.16,0.39,5.17,4.92,3.888,-1.032
5/1/2023,5.1,5.15,0.16,0.4,5.25,5.14,3.929,-1.211
5/2/2023,5.23,5.15,0.16,0.4,5.13,5.14,3.9505,-1.1895
5/3/2023,5.23,5.15,0.16,0.4,5.02,5.14,3.9285,-1.2115
5/4/2023,5.15,5.15,0.16,0.4,5.01,5.14,3.8985,-1.2415
5/5/2023,5.15,5.15,0.16,0.4,5.14,5.14,3.9245,-1.2155
5/8/2023,5.15,5.15,0.16,0.4,5.24,5.14,3.9445,-1.1955
5/9/2023,5.15,5.15,0.16,0.4,5.26,5.14,3.9485,-1.1915
5/10/2023,5.15,5.15,0.16,0.4,5.13,5.14,3.9225,-1.2175
5/11/2023,5.15,5.15,0.16,0.4,5.11,5.14,3.9185,-1.2215
5/12/2023,5.04,5.15,0.16,0.4,5.19,5.14,3.896,-1.244
5/15/2023,5.15,5.15,0.16,0.4,5.2,5.14,3.9365,-1.2035
5/16/2023,5.15,5.15,0.16,0.4,5.26,5.14,3.9485,-1.1915
5/17/2023,5.11,5.15,0.16,0.4,5.33,5.14,3.9485,-1.1915
5/18/2023,5.11,5.15,0.16,0.4,5.42,5.14,3.9665,-1.1735
5/19/2023,5.23,5.15,0.16,0.4,5.44,5.14,4.0125,-1.1275
5/22/2023,5.23,5.15,0.16,0.4,5.46,5.14,4.0165,-1.1235
5/23/2023,5.23,5.15,0.16,0.4,5.45,5.14,4.0145,-1.1255
5/24/2023,5.23,5.15,0.16,0.4,5.53,5.14,4.0305,-1.1095
5/25/2023,5.23,5.15,0.16,0.4,5.64,5.14,4.0525,-1.0875
5/26/2023,5.23,5.15,0.16,0.4,5.7,5.14,4.0645,-1.0755
5/29/2023,5.23,5.15,0.16,0.4,5.71,5.14,4.0665,-1.0735
5/30/2023,5.23,5.15,0.16,0.4,5.53,5.14,4.0305,-1.1095
5/31/2023,5.23,5.15,0.16,0.4,5.48,5.14,4.0205,-1.1195
6/1/2023,5.24,5.22,0.16,0.42,5.42,5.16,4.028,-1.132
6/2/2023,5.26,5.22,0.16,0.42,5.54,5.16,4.059,-1.101
6/5/2023,5.26,5.22,0.16,0.42,5.53,5.16,4.057,-1.103
6/6/2023,5.29,5.22,0.16,0.42,5.57,5.16,4.0755,-1.0845
6/7/2023,5.17,5.22,0.16,0.42,5.61,5.16,4.0415,-1.1185
6/8/2023,5.18,5.22,0.16,0.42,5.56,5.16,4.035,-1.125
6/9/2023,5.17,5.22,0.16,0.42,5.65,5.16,4.0495,-1.1105
6/12/2023,5.2,5.22,0.16,0.42,5.62,5.16,4.054,-1.106
6/13/2023,5.2,5.22,0.16,0.42,5.71,5.16,4.072,-1.088
6/14/2023,5.24,5.22,0.16,0.42,5.73,5.16,4.09,-1.07
6/15/2023,5.28,5.22,0.16,0.42,5.64,5.16,4.086,-1.074
6/16/2023,5.19,5.22,0.16,0.42,5.69,5.16,4.0645,-1.0955
6/19/2023,5.19,5.22,0.16,0.42,5.7,5.16,4.0665,-1.0935
6/20/2023,5.16,5.22,0.16,0.42,5.66,5.16,4.048,-1.112
6/21/2023,5.29,5.22,0.16,0.42,5.67,5.16,4.0955,-1.0645
6/22/2023,5.17,5.22,0.16,0.42,5.73,5.16,4.0655,-1.0945
6/23/2023,5.16,5.22,0.16,0.42,5.7,5.16,4.056,-1.104
6/26/2023,5.22,5.22,0.16,0.42,5.67,5.16,4.071,-1.089
6/27/2023,5.29,5.22,0.16,0.42,5.75,5.16,4.1115,-1.0485
6/28/2023,5.31,5.22,0.16,0.42,5.7,5.16,4.1085,-1.0515
6/29/2023,5.22,5.22,0.16,0.42,5.81,5.16,4.099,-1.061
6/30/2023,5.22,5.22,0.16,0.42,5.78,5.16,4.093,-1.067
7/1/2023,5.22,5.35,0.16,0.42,5.78,5.25,4.119,-1.131
7/3/2023,5.32,5.35,0.16,0.42,5.83,5.25,4.164,-1.086
7/4/2023,5.32,5.35,0.16,0.42,5.84,5.25,4.166,-1.084
7/5/2023,5.25,5.35,0.16,0.42,5.82,5.25,4.1375,-1.1125
7/6/2023,5.21,5.35,0.16,0.42,5.88,5.25,4.1355,-1.1145
7/7/2023,5.29,5.35,0.16,0.42,5.84,5.25,4.1555,-1.0945
7/10/2023,5.2,5.35,0.16,0.42,5.77,5.25,4.11,-1.14
7/11/2023,5.25,5.35,0.16,0.42,5.77,5.25,4.1275,-1.1225
7/12/2023,5.31,5.35,0.16,0.42,5.63,5.25,4.1205,-1.1295
7/13/2023,5.22,5.35,0.16,0.42,5.5,5.25,4.063,-1.187
7/14/2023,5.22,5.35,0.16,0.42,5.64,5.25,4.091,-1.159
7/17/2023,5.38,5.35,0.16,0.42,5.64,5.25,4.147,-1.103
7/18/2023,5.38,5.35,0.16,0.42,5.64,5.25,4.147,-1.103
7/19/2023,5.54,5.35,0.16,0.42,5.63,5.25,4.201,-1.049
7/20/2023,5.47,5.35,0.16,0.42,5.7,5.25,4.1905,-1.0595
7/21/2023,5.54,5.35,0.16,0.42,5.7,5.25,4.215,-1.035
7/24/2023,5.54,5.35,0.16,0.42,5.74,5.25,4.223,-1.027
7/25/2023,5.54,5.35,0.16,0.42,5.74,5.25,4.223,-1.027
7/26/2023,5.54,5.35,0.16,0.42,5.69,5.25,4.213,-1.037
7/27/2023,5.54,5.35,0.16,0.42,5.75,5.25,4.225,-1.025
7/28/2023,5.53,5.35,0.16,0.42,5.7,5.25,4.2115,-1.0385
7/31/2023,5.47,5.35,0.16,0.42,5.67,5.25,4.1845,-1.0655
8/1/2023,5.44,5.44,0.16,0.43,5.71,5.3,4.201,-1.099
8/2/2023,5.44,5.44,0.16,0.43,5.72,5.3,4.203,-1.097
8/3/2023,5.46,5.44,0.16,0.43,5.74,5.3,4.214,-1.086
8/4/2023,5.46,5.44,0.16,0.43,5.64,5.3,4.194,-1.106
8/7/2023,5.52,5.44,0.16,0.43,5.63,5.3,4.213,-1.087
8/8/2023,5.52,5.44,0.16,0.43,5.62,5.3,4.211,-1.089
8/9/2023,5.4,5.44,0.16,0.43,5.66,5.3,4.177,-1.123
8/10/2023,5.42,5.44,0.16,0.43,5.71,5.3,4.194,-1.106
8/11/2023,5.51,5.44,0.16,0.43,5.76,5.3,4.2355,-1.0645
8/14/2023,5.42,5.44,0.16,0.43,5.83,5.3,4.218,-1.082
8/15/2023,5.47,5.44,0.16,0.43,5.83,5.3,4.2355,-1.0645
8/16/2023,5.39,5.44,0.16,0.43,5.87,5.3,4.2155,-1.0845
8/17/2023,5.39,5.44,0.16,0.43,5.85,5.3,4.2115,-1.0885
8/18/2023,5.43,5.44,0.16,0.43,5.85,5.3,4.2255,-1.0745
8/21/2023,5.43,5.44,0.16,0.43,5.92,5.3,4.2395,-1.0605
8/22/2023,5.43,5.44,0.16,0.43,5.94,5.3,4.2435,-1.0565
8/23/2023,5.39,5.44,0.16,0.43,5.86,5.3,4.2135,-1.0865
8/24/2023,5.4,5.44,0.16,0.43,5.88,5.3,4.221,-1.079
8/25/2023,5.4,5.44,0.16,0.43,5.92,5.3,4.229,-1.071
8/28/2023,5.4,5.44,0.16,0.43,5.91,5.3,4.227,-1.073
8/29/2023,5.4,5.44,0.16,0.43,5.8,5.3,4.205,-1.095
8/30/2023,5.51,5.44,0.16,0.43,5.79,5.3,4.2415,-1.0585
8/31/2023,5.51,5.44,0.16,0.43,5.74,5.3,4.2315,-1.0685
9/1/2023,5.44,5.49,0.16,0.45,5.78,5.32,4.227,-1.093
9/4/2023,5.44,5.49,0.16,0.45,5.78,5.32,4.227,-1.093
9/5/2023,5.46,5.49,0.16,0.45,5.84,5.32,4.246,-1.074
9/6/2023,5.48,5.49,0.16,0.45,5.92,5.32,4.269,-1.051
9/7/2023,5.48,5.49,0.16,0.45,5.86,5.32,4.257,-1.063
9/8/2023,5.48,5.49,0.16,0.45,5.87,5.32,4.259,-1.061
9/11/2023,5.52,5.49,0.16,0.45,5.88,5.32,4.275,-1.045
9/12/2023,5.52,5.49,0.16,0.45,5.91,5.32,4.281,-1.039
9/13/2023,5.52,5.49,0.16,0.45,5.88,5.32,4.275,-1.045
9/14/2023,5.52,5.49,0.16,0.45,5.9,5.32,4.279,-1.041
9/15/2023,5.52,5.49,0.16,0.45,5.92,5.32,4.283,-1.037
9/18/2023,5.52,5.49,0.16,0.45,5.94,5.32,4.287,-1.033
9/19/2023,5.52,5.49,0.16,0.45,5.97,5.32,4.293,-1.027
9/20/2023,5.41,5.49,0.16,0.45,6.01,5.32,4.2625,-1.0575
9/21/2023,5.41,5.49,0.16,0.45,6.01,5.32,4.2625,-1.0575
9/22/2023,5.41,5.49,0.16,0.45,5.97,5.32,4.2545,-1.0655
9/25/2023,5.41,5.49,0.16,0.45,5.99,5.32,4.2585,-1.0615
9/26/2023,5.48,5.49,0.16,0.45,6.01,5.32,4.287,-1.033
9/27/2023,5.53,5.49,0.16,0.45,6.07,5.32,4.3165,-1.0035
9/28/2023,5.53,5.49,0.16,0.45,6.02,5.32,4.3065,-1.0135
9/29/2023,5.53,5.49,0.16,0.45,6.01,5.32,4.3045,-1.0155
9/30/2023,5.53,5.49,0.16,0.45,6.01,5.32,4.3045,-1.0155
10/1/2023,5.53,5.46,0.16,0.46,6.01,5.34,4.2995,-1.0405
10/2/2023,5.53,5.46,0.16,0.46,6.08,5.34,4.3135,-1.0265
10/3/2023,5.45,5.46,0.16,0.46,6.16,5.34,4.3015,-1.0385
10/4/2023,5.45,5.46,0.16,0.46,6.08,5.34,4.2855,-1.0545
10/5/2023,5.52,5.46,0.16,0.46,6.04,5.34,4.302,-1.038
10/6/2023,5.44,5.46,0.16,0.46,6.09,5.34,4.284,-1.056
10/9/2023,5.44,5.46,0.16,0.46,6.1,5.34,4.286,-1.054
10/10/2023,5.43,5.46,0.16,0.46,5.98,5.34,4.2585,-1.0815
10/11/2023,5.47,5.46,0.16,0.46,6,5.34,4.2765,-1.0635
10/12/2023,5.44,5.46,0.16,0.46,6.06,5.34,4.278,-1.062
10/13/2023,5.44,5.46,0.16,0.46,6.04,5.34,4.274,-1.066
10/16/2023,5.44,5.46,0.16,0.46,6.09,5.34,4.284,-1.056
10/17/2023,5.44,5.46,0.16,0.46,6.21,5.34,4.308,-1.032
10/18/2023,5.44,5.46,0.16,0.46,6.23,5.34,4.312,-1.028
10/19/2023,5.44,5.46,0.16,0.46,6.2,5.34,4.306,-1.034
10/20/2023,5.44,5.46,0.16,0.46,6.13,5.34,4.292,-1.048
10/23/2023,5.44,5.46,0.16,0.46,6.12,5.34,4.29,-1.05
10/24/2023,5.44,5.46,0.16,0.46,6.13,5.34,4.292,-1.048
10/25/2023,5.5,5.46,0.16,0.46,6.18,5.34,4.323,-1.017
10/26/2023,5.5,5.46,0.16,0.46,6.1,5.34,4.307,-1.033
10/27/2023,5.49,5.46,0.16,0.46,6.07,5.34,4.2975,-1.0425
10/30/2023,5.49,5.46,0.16,0.46,6.11,5.34,4.3055,-1.0345
10/31/2023,5.43,5.46,0.16,0.46,6.14,5.34,4.2905,-1.0495
11/1/2023,5.43,5.41,0.16,0.46,6.04,5.27,4.2605,-1.0095
11/2/2023,5.53,5.41,0.16,0.46,6.03,5.27,4.2935,-0.9765
11/3/2023,5.47,5.41,0.16,0.46,5.88,5.27,4.2425,-1.0275
11/6/2023,5.47,5.41,0.16,0.46,5.98,5.27,4.2625,-1.0075
11/7/2023,5.41,5.41,0.16,0.46,5.95,5.27,4.2355,-1.0345
11/8/2023,5.41,5.41,0.16,0.46,5.97,5.27,4.2395,-1.0305
11/9/2023,5.41,5.41,0.16,0.46,6.06,5.27,4.2575,-1.0125
11/10/2023,5.43,5.41,0.16,0.46,6.07,5.27,4.2665,-1.0035
11/13/2023,5.46,5.41,0.16,0.46,6.04,5.27,4.271,-0.999
11/14/2023,5.46,5.41,0.16,0.46,5.82,5.27,4.227,-1.043
11/15/2023,5.35,5.41,0.16,0.46,5.91,5.27,4.2065,-1.0635
11/16/2023,5.27,5.41,0.16,0.46,5.83,5.27,4.1625,-1.1075
11/17/2023,5.27,5.41,0.16,0.46,5.86,5.27,4.1685,-1.1015
11/20/2023,5.45,5.41,0.16,0.46,5.86,5.27,4.2315,-1.0385
11/21/2023,5.45,5.41,0.16,0.46,5.82,5.27,4.2235,-1.0465
11/22/2023,5.44,5.41,0.16,0.46,5.81,5.27,4.218,-1.052
11/23/2023,5.44,5.41,0.16,0.46,5.82,5.27,4.22,-1.05
11/24/2023,5.44,5.41,0.16,0.46,5.86,5.27,4.228,-1.042
11/27/2023,5.44,5.41,0.16,0.46,5.79,5.27,4.214,-1.056
11/28/2023,5.39,5.41,0.16,0.46,5.7,5.27,4.1785,-1.0915
11/29/2023,5.33,5.41,0.16,0.46,5.6,5.27,4.1375,-1.1325
11/30/2023,5.39,5.41,0.16,0.46,5.64,5.27,4.1665,-1.1035
12/1/2023,5.37,5.32,0.16,0.46,5.5,5.24,4.1135,-1.1265
12/4/2023,5.34,5.32,0.16,0.46,5.57,5.24,4.117,-1.123
12/5/2023,5.33,5.32,0.16,0.46,5.52,5.24,4.1035,-1.1365
12/6/2023,5.31,5.32,0.16,0.46,5.53,5.24,4.0985,-1.1415
12/7/2023,5.29,5.32,0.16,0.46,5.51,5.24,4.0875,-1.1525
12/8/2023,5.32,5.32,0.16,0.46,5.63,5.24,4.122,-1.118
12/11/2023,5.35,5.32,0.16,0.46,5.64,5.24,4.1345,-1.1055
12/12/2023,5.35,5.32,0.16,0.46,5.63,5.24,4.1325,-1.1075
12/13/2023,5.27,5.32,0.16,0.46,5.36,5.24,4.0505,-1.1895
12/14/2023,5.27,5.32,0.16,0.46,5.25,5.24,4.0285,-1.2115
12/15/2023,5.27,5.32,0.16,0.46,5.31,5.24,4.0405,-1.1995
12/18/2023,5.27,5.32,0.16,0.46,5.33,5.24,4.0445,-1.1955
12/19/2023,5.27,5.32,0.16,0.46,5.31,5.24,4.0405,-1.1995
12/20/2023,5.27,5.32,0.16,0.46,5.25,5.24,4.0285,-1.2115
12/21/2023,5.27,5.32,0.16,0.46,5.23,5.24,4.0245,-1.2155
12/22/2023,5.27,5.32,0.16,0.46,5.22,5.24,4.0225,-1.2175
12/25/2023,5.27,5.32,0.16,0.46,5.22,5.24,4.0225,-1.2175
12/26/2023,5.27,5.32,0.16,0.46,5.24,5.24,4.0265,-1.2135
12/27/2023,5.27,5.32,0.16,0.46,5.17,5.24,4.0125,-1.2275
12/28/2023,5.27,5.32,0.16,0.46,5.19,5.24,4.0165,-1.2235
12/29/2023,5.27,5.32,0.16,0.46,5.17,5.24,4.0125,-1.2275
12/31/2023,5.27,5.32,0.16,0.46,5.15,5.24,4.0085,-1.2315
1/1/2024,5.27,5.32,0.16,0.47,5.15,5.22,4.0095,-1.2105
1/2/2024,5.32,5.32,0.16,0.47,5.23,5.22,4.043,-1.177
1/3/2024,5.2,5.32,0.16,0.47,5.25,5.22,4.005,-1.215
1/4/2024,5.2,5.32,0.16,0.47,5.3,5.22,4.015,-1.205
1/5/2024,5.14,5.32,0.16,0.47,5.31,5.22,3.996,-1.224
1/8/2024,5.23,5.32,0.16,0.47,5.28,5.22,4.0215,-1.1985
1/9/2024,5.39,5.32,0.16,0.47,5.26,5.22,4.0735,-1.1465
1/10/2024,5.34,5.32,0.16,0.47,5.25,5.22,4.054,-1.166
1/11/2024,5.34,5.32,0.16,0.47,5.14,5.22,4.032,-1.188
1/12/2024,5.34,5.32,0.16,0.47,5.04,5.22,4.012,-1.208
1/15/2024,5.34,5.32,0.16,0.47,5.03,5.22,4.01,-1.21
1/16/2024,5.27,5.32,0.16,0.47,5.11,5.22,4.0015,-1.2185
1/17/2024,5.27,5.32,0.16,0.47,5.22,5.22,4.0235,-1.1965
1/18/2024,5.22,5.32,0.16,0.47,5.21,5.22,4.004,-1.216
1/19/2024,5.22,5.32,0.16,0.47,5.25,5.22,4.012,-1.208
1/22/2024,5.22,5.32,0.16,0.47,5.24,5.22,4.01,-1.21
1/23/2024,5.23,5.32,0.16,0.47,5.23,5.22,4.0115,-1.2085
1/24/2024,5.23,5.32,0.16,0.47,5.25,5.22,4.0155,-1.2045
1/25/2024,5.23,5.32,0.16,0.47,5.17,5.22,3.9995,-1.2205
1/26/2024,5.23,5.32,0.16,0.47,5.2,5.22,4.0055,-1.2145
1/29/2024,5.25,5.32,0.16,0.47,5.15,5.22,4.0025,-1.2175
1/30/2024,5.25,5.32,0.16,0.47,5.2,5.22,4.0125,-1.2075
1/31/2024,5.24,5.32,0.16,0.47,5.08,5.22,3.985,-1.235
2/1/2024,5.24,5.32,0.16,0.46,5.06,5.24,3.98,-1.26
2/2/2024,5.24,5.32,0.16,0.46,5.21,5.24,4.01,-1.23
2/5/2024,5.24,5.32,0.16,0.46,5.3,5.24,4.028,-1.212
2/6/2024,5.24,5.32,0.16,0.46,5.22,5.24,4.012,-1.228
2/7/2024,5.24,5.32,0.16,0.46,5.24,5.24,4.016,-1.224
2/8/2024,5.24,5.32,0.16,0.46,5.26,5.24,4.02,-1.22
2/9/2024,5.24,5.32,0.16,0.46,5.28,5.24,4.024,-1.216
2/12/2024,5.24,5.32,0.16,0.46,5.27,5.24,4.022,-1.218
2/13/2024,5.24,5.32,0.16,0.46,5.43,5.24,4.054,-1.186
2/14/2024,5.24,5.32,0.16,0.46,5.35,5.24,4.038,-1.202
2/15/2024,5.24,5.32,0.16,0.46,5.32,5.24,4.032,-1.208
2/16/2024,5.24,5.32,0.16,0.46,5.39,5.24,4.046,-1.194
2/19/2024,5.24,5.32,0.16,0.46,5.39,5.24,4.046,-1.194
2/20/2024,5.24,5.32,0.16,0.46,5.34,5.24,4.036,-1.204
2/21/2024,5.24,5.32,0.16,0.46,5.39,5.24,4.046,-1.194
2/22/2024,5.24,5.32,0.16,0.46,5.4,5.24,4.048,-1.192
2/23/2024,5.24,5.32,0.16,0.46,5.4,5.24,4.048,-1.192
2/26/2024,5.24,5.32,0.16,0.46,5.44,5.24,4.056,-1.184
2/27/2024,5.24,5.32,0.16,0.46,5.45,5.24,4.058,-1.182
2/28/2024,5.24,5.32,0.16,0.46,5.42,5.24,4.052,-1.188
2/29/2024,5.22,5.32,0.16,0.46,5.41,5.24,4.043,-1.197
3/1/2024,5.22,5.32,0.16,0.47,5.34,5.24,4.03,-1.21
3/4/2024,5.22,5.32,0.16,0.47,5.38,5.24,4.038,-1.202
3/5/2024,5.22,5.32,0.16,0.47,5.34,5.24,4.03,-1.21
3/6/2024,5.22,5.32,0.16,0.47,5.34,5.24,4.03,-1.21
3/7/2024,5.24,5.32,0.16,0.47,5.29,5.24,4.027,-1.213
3/8/2024,5.32,5.32,0.16,0.47,5.25,5.24,4.047,-1.193
3/11/2024,5.32,5.32,0.16,0.47,5.3,5.24,4.057,-1.183
3/12/2024,5.32,5.32,0.16,0.47,5.34,5.24,4.065,-1.175
3/13/2024,5.28,5.32,0.16,0.47,5.36,5.24,4.055,-1.185
3/14/2024,5.28,5.32,0.16,0.47,5.41,5.24,4.065,-1.175
3/15/2024,5.31,5.32,0.16,0.47,5.44,5.24,4.0815,-1.1585
3/18/2024,5.29,5.32,0.16,0.47,5.43,5.24,4.0725,-1.1675
3/19/2024,5.26,5.32,0.16,0.47,5.39,5.24,4.054,-1.186
3/20/2024,5.31,5.32,0.16,0.47,5.33,5.24,4.0595,-1.1805
3/21/2024,5.32,5.32,0.16,0.47,5.33,5.24,4.063,-1.177
3/22/2024,5.32,5.32,0.16,0.47,5.29,5.24,4.055,-1.185
3/25/2024,5.32,5.32,0.16,0.47,5.33,5.24,4.063,-1.177
3/26/2024,5.24,5.32,0.16,0.47,5.33,5.24,4.035,-1.205
3/27/2024,5.2,5.32,0.16,0.47,5.31,5.24,4.017,-1.223
3/28/2024,5.34,5.32,0.16,0.47,5.36,5.24,4.076,-1.164
3/29/2024,5.34,5.32,0.16,0.47,5.36,5.24,4.076,-1.164
3/31/2024,5.34,5.32,0.16,0.47,5.36,5.24,4.076,-1.164
4/1/2024,5.34,5.32,0.16,0.46,5.42,5.24,4.087,-1.153
4/2/2024,5.27,5.32,0.16,0.46,5.4,5.24,4.0585,-1.1815
4/3/2024,5.3,5.32,0.16,0.46,5.37,5.24,4.063,-1.177
4/4/2024,5.3,5.32,0.16,0.46,5.33,5.24,4.055,-1.185
4/5/2024,5.3,5.32,0.16,0.46,5.43,5.24,4.075,-1.165
4/8/2024,5.3,5.32,0.16,0.46,5.47,5.24,4.083,-1.157
4/9/2024,5.34,5.32,0.16,0.46,5.42,5.24,4.087,-1.153
4/10/2024,5.34,5.32,0.16,0.46,5.62,5.24,4.127,-1.113
4/11/2024,5.34,5.32,0.16,0.46,5.6,5.24,4.123,-1.117
4/12/2024,5.34,5.32,0.16,0.46,5.57,5.24,4.117,-1.123
4/15/2024,5.34,5.32,0.16,0.46,5.61,5.24,4.125,-1.115
4/16/2024,5.34,5.32,0.16,0.46,5.67,5.24,4.137,-1.103
4/17/2024,5.34,5.32,0.16,0.46,5.63,5.24,4.129,-1.111
4/18/2024,5.34,5.32,0.16,0.46,5.67,5.24,4.137,-1.103
4/19/2024,5.34,5.32,0.16,0.46,5.66,5.24,4.135,-1.105
4/22/2024,5.34,5.32,0.16,0.46,5.65,5.24,4.133,-1.107
4/23/2024,5.34,5.32,0.16,0.46,5.59,5.24,4.121,-1.119
4/24/2024,5.37,5.32,0.16,0.46,5.61,5.24,4.1355,-1.1045
4/25/2024,5.37,5.32,0.16,0.46,5.66,5.24,4.1455,-1.0945
4/26/2024,5.37,5.32,0.16,0.46,5.65,5.24,4.1435,-1.0965
4/29/2024,5.33,5.32,0.16,0.46,5.63,5.24,4.1255,-1.1145
4/30/2024,5.34,5.32,0.16,0.46,5.68,5.24,4.139,-1.101
5/1/2024,5.34,5.32,0.16,0.45,5.61,5.25,4.124,-1.126
5/2/2024,5.37,5.32,0.16,0.45,5.53,5.25,4.1185,-1.1315
5/3/2024,5.37,5.32,0.16,0.45,5.45,5.25,4.1025,-1.1475
5/6/2024,5.37,5.32,0.16,0.45,5.46,5.25,4.1045,-1.1455
5/7/2024,5.34,5.32,0.16,0.45,5.45,5.25,4.092,-1.158
5/8/2024,5.33,5.32,0.16,0.45,5.47,5.25,4.0925,-1.1575
5/9/2024,5.3,5.32,0.16,0.45,5.45,5.25,4.078,-1.172
5/10/2024,5.3,5.32,0.16,0.45,5.49,5.25,4.086,-1.164
5/13/2024,5.3,5.32,0.16,0.45,5.5,5.25,4.088,-1.162
5/14/2024,5.3,5.32,0.16,0.45,5.46,5.25,4.08,-1.17
5/15/2024,5.29,5.32,0.16,0.45,5.38,5.25,4.0605,-1.1895
5/16/2024,5.29,5.32,0.16,0.45,5.43,5.25,4.0705,-1.1795
5/17/2024,5.29,5.32,0.16,0.45,5.45,5.25,4.0745,-1.1755
5/20/2024,5.26,5.32,0.16,0.45,5.47,5.25,4.068,-1.182
5/21/2024,5.26,5.32,0.16,0.45,5.45,5.25,4.064,-1.186
5/22/2024,5.34,5.32,0.16,0.45,5.49,5.25,4.1,-1.15
5/23/2024,5.3,5.32,0.16,0.45,5.54,5.25,4.096,-1.154
5/24/2024,5.29,5.32,0.16,0.45,5.54,5.25,4.0925,-1.1575
5/27/2024,5.29,5.32,0.16,0.45,5.55,5.25,4.0945,-1.1555
5/28/2024,5.33,5.32,0.16,0.45,5.58,5.25,4.1145,-1.1355
5/29/2024,5.36,5.32,0.16,0.45,5.6,5.25,4.129,-1.121
5/30/2024,5.36,5.32,0.16,0.45,5.55,5.25,4.119,-1.131
5/31/2024,5.33,5.32,0.16,0.45,5.48,5.25,4.0945,-1.1555
6/1/2024,5.33,5.32,0.16,0.45,5.48,5.24,4.0945,-1.1455
6/3/2024,5.33,5.32,0.16,0.45,5.43,5.24,4.0845,-1.1555
6/4/2024,5.37,5.32,0.16,0.45,5.39,5.24,4.0905,-1.1495
6/5/2024,5.37,5.32,0.16,0.45,5.35,5.24,4.0825,-1.1575
6/6/2024,5.27,5.32,0.16,0.45,5.37,5.24,4.0515,-1.1885
6/7/2024,5.28,5.32,0.16,0.45,5.5,5.24,4.081,-1.159
6/10/2024,5.31,5.32,0.16,0.45,5.51,5.24,4.0935,-1.1465
6/11/2024,5.3,5.32,0.16,0.45,5.46,5.24,4.08,-1.16
6/12/2024,5.3,5.32,0.16,0.45,5.4,5.24,4.068,-1.172
6/13/2024,5.29,5.32,0.16,0.45,5.34,5.24,4.0525,-1.1875
6/14/2024,5.27,5.32,0.16,0.45,5.35,5.24,4.0475,-1.1925
6/17/2024,5.22,5.32,0.16,0.45,5.44,5.24,4.048,-1.192
6/18/2024,5.23,5.32,0.16,0.45,5.38,5.24,4.0395,-1.2005
6/19/2024,5.23,5.32,0.16,0.45,5.38,5.24,4.0395,-1.2005
6/20/2024,5.23,5.32,0.16,0.45,5.41,5.24,4.0455,-1.1945
6/21/2024,5.23,5.32,0.16,0.45,5.41,5.24,4.0455,-1.1945
6/24/2024,5.23,5.32,0.16,0.45,5.41,5.24,4.0455,-1.1945
6/25/2024,5.27,5.32,0.16,0.45,5.42,5.24,4.0615,-1.1785
6/26/2024,5.26,5.32,0.16,0.45,5.47,5.24,4.068,-1.172
6/27/2024,5.26,5.32,0.16,0.45,5.44,5.24,4.062,-1.178
6/28/2024,5.26,5.32,0.16,0.45,5.44,5.24,4.062,-1.178
6/30/2024,5.26,5.32,0.16,0.45,5.44,5.24,4.062,-1.178
7/1/2024,5.35,5.32,0.16,0.45,5.46,5.2,4.0975,-1.1025
7/2/2024,5.29,5.32,0.16,0.45,5.43,5.2,4.0705,-1.1295
7/3/2024,5.29,5.32,0.16,0.45,5.37,5.2,4.0585,-1.1415
7/4/2024,5.29,5.32,0.16,0.45,5.36,5.2,4.0565,-1.1435
7/5/2024,5.29,5.32,0.16,0.45,5.28,5.2,4.0405,-1.1595
7/8/2024,5.29,5.32,0.16,0.45,5.3,5.2,4.0445,-1.1555
7/9/2024,5.27,5.32,0.16,0.45,5.3,5.2,4.0375,-1.1625
7/10/2024,5.35,5.32,0.16,0.45,5.3,5.2,4.0655,-1.1345
7/11/2024,5.25,5.32,0.16,0.45,5.19,5.2,4.0085,-1.1915
7/12/2024,5.35,5.32,0.16,0.45,5.13,5.2,4.0315,-1.1685
7/15/2024,5.35,5.32,0.16,0.45,5.13,5.2,4.0315,-1.1685
7/16/2024,5.35,5.32,0.16,0.45,5.11,5.2,4.0275,-1.1725
7/17/2024,5.35,5.32,0.16,0.45,5.12,5.2,4.0295,-1.1705
7/18/2024,5.35,5.32,0.16,0.45,5.16,5.2,4.0375,-1.1625
7/19/2024,5.35,5.32,0.16,0.45,5.19,5.2,4.0435,-1.1565
7/22/2024,5.29,5.32,0.16,0.45,5.2,5.2,4.0245,-1.1755
7/23/2024,5.29,5.32,0.16,0.45,5.17,5.2,4.0185,-1.1815
7/24/2024,5.29,5.32,0.16,0.45,5.16,5.2,4.0165,-1.1835
7/25/2024,5.32,5.32,0.16,0.45,5.17,5.2,4.029,-1.171
7/26/2024,5.32,5.32,0.16,0.45,5.11,5.2,4.017,-1.183
7/29/2024,5.32,5.32,0.16,0.45,5.11,5.2,4.017,-1.183
7/30/2024,5.32,5.32,0.16,0.45,5.09,5.2,4.013,-1.187
7/31/2024,5.3,5.32,0.16,0.45,4.99,5.2,3.986,-1.214
8/1/2024,5.19,5.32,0.16,0.46,4.92,5.05,3.9345,-1.1155
8/2/2024,5.19,5.32,0.16,0.46,4.7,5.05,3.8905,-1.1595
8/5/2024,5.19,5.32,0.16,0.46,4.78,5.05,3.9065,-1.1435
8/6/2024,5.19,5.32,0.16,0.46,4.85,5.05,3.9205,-1.1295
8/7/2024,5.19,5.32,0.16,0.46,4.84,5.05,3.9185,-1.1315
8/8/2024,5.16,5.32,0.16,0.46,4.88,5.05,3.916,-1.134
8/9/2024,5.11,5.32,0.16,0.46,4.88,5.05,3.8985,-1.1515
8/12/2024,5.11,5.32,0.16,0.46,4.85,5.05,3.8925,-1.1575
8/13/2024,5.11,5.32,0.16,0.46,4.77,5.05,3.8765,-1.1735
8/14/2024,5.11,5.32,0.16,0.46,4.77,5.05,3.8765,-1.1735
8/15/2024,5.15,5.32,0.16,0.46,4.87,5.05,3.9105,-1.1395
8/16/2024,5.15,5.32,0.16,0.46,4.83,5.05,3.9025,-1.1475
8/19/2024,5.13,5.32,0.16,0.46,4.83,5.05,3.8955,-1.1545
8/20/2024,5.13,5.32,0.16,0.46,4.77,5.05,3.8835,-1.1665
8/21/2024,5.06,5.32,0.16,0.46,4.71,5.05,3.847,-1.203
8/22/2024,5.06,5.32,0.16,0.46,4.78,5.05,3.861,-1.189
8/23/2024,5.06,5.32,0.16,0.46,4.68,5.05,3.841,-1.209
8/26/2024,5.06,5.32,0.16,0.46,4.7,5.05,3.845,-1.205
8/27/2024,5.06,5.32,0.16,0.46,4.67,5.05,3.839,-1.211
8/28/2024,5.06,5.32,0.16,0.46,4.67,5.05,3.839,-1.211
8/29/2024,5.04,5.32,0.16,0.46,4.69,5.05,3.836,-1.214
8/30/2024,5.04,5.32,0.16,0.46,4.7,5.05,3.838,-1.212
8/31/2024,5.04,5.32,0.16,0.46,4.69,5.05,3.836,-1.214
9/1/2024,5.04,5.32,0.16,0.46,4.69,4.72,3.836,-0.884
9/2/2024,5.04,5.32,0.16,0.46,4.68,4.72,3.834,-0.886
9/3/2024,5.02,5.32,0.16,0.46,4.65,4.72,3.821,-0.899
9/4/2024,5.02,5.32,0.16,0.46,4.56,4.72,3.803,-0.917
9/5/2024,5.02,5.32,0.16,0.46,4.54,4.72,3.799,-0.921
9/6/2024,5.02,5.32,0.16,0.46,4.46,4.72,3.783,-0.937
9/9/2024,4.99,5.32,0.16,0.46,4.47,4.72,3.7745,-0.9455
9/10/2024,4.99,5.32,0.16,0.46,4.41,4.72,3.7625,-0.9575
9/11/2024,4.99,5.32,0.16,0.46,4.45,4.72,3.7705,-0.9495
9/12/2024,5.03,5.32,0.16,0.46,4.45,4.72,3.7845,-0.9355
9/13/2024,5.03,5.32,0.16,0.46,4.39,4.72,3.7725,-0.9475
9/16/2024,5.03,5.32,0.16,0.46,4.35,4.72,3.7645,-0.9555
9/17/2024,5.03,5.32,0.16,0.46,4.38,4.72,3.7705,-0.9495
9/18/2024,5.03,5.32,0.16,0.46,4.4,4.72,3.7745,-0.9455
9/19/2024,4.62,5.32,0.16,0.46,4.35,4.72,3.621,-1.099
9/20/2024,4.64,5.32,0.16,0.46,4.32,4.72,3.622,-1.098
9/23/2024,4.64,5.32,0.16,0.46,4.32,4.72,3.622,-1.098
9/24/2024,4.64,5.32,0.16,0.46,4.28,4.72,3.614,-1.106
9/25/2024,4.64,5.32,0.16,0.46,4.32,4.72,3.622,-1.098
9/26/2024,4.64,5.32,0.16,0.46,4.37,4.72,3.632,-1.088
9/27/2024,4.64,5.32,0.16,0.46,4.31,4.72,3.62,-1.1
9/30/2024,4.64,5.32,0.16,0.46,4.38,4.72,3.634,-1.086
10/1/2024,4.64,5.32,0.16,0.45,4.34,4.51,3.625,-0.885
10/2/2024,4.58,5.32,0.16,0.45,4.36,4.51,3.608,-0.902
10/3/2024,4.58,5.32,0.16,0.45,4.42,4.51,3.62,-0.89
10/4/2024,4.58,5.32,0.16,0.45,4.59,4.51,3.654,-0.856
10/7/2024,4.58,5.32,0.16,0.45,4.64,4.51,3.664,-0.846
10/8/2024,4.57,5.32,0.16,0.45,4.62,4.51,3.6565,-0.8535
10/9/2024,4.57,5.32,0.16,0.45,4.66,4.51,3.6645,-0.8455
10/10/2024,4.54,5.32,0.16,0.45,4.61,4.51,3.644,-0.866
10/11/2024,4.66,5.32,0.16,0.45,4.58,4.51,3.68,-0.83
10/14/2024,4.66,5.32,0.16,0.45,4.58,4.51,3.68,-0.83
10/15/2024,4.66,5.32,0.16,0.45,4.58,4.51,3.68,-0.83
10/16/2024,4.58,5.32,0.16,0.45,4.56,4.51,3.648,-0.862
10/17/2024,4.58,5.32,0.16,0.45,4.6,4.51,3.656,-0.854
10/18/2024,4.58,5.32,0.16,0.45,4.58,4.51,3.652,-0.858
10/21/2024,4.58,5.32,0.16,0.45,4.66,4.51,3.668,-0.842
10/22/2024,4.6,5.32,0.16,0.45,4.68,4.51,3.679,-0.831
10/23/2024,4.68,5.32,0.16,0.45,4.72,4.51,3.715,-0.795
10/24/2024,4.66,5.32,0.16,0.45,4.71,4.51,3.706,-0.804
10/25/2024,4.65,5.32,0.16,0.45,4.74,4.51,3.7085,-0.8015
10/28/2024,4.65,5.32,0.16,0.45,4.76,4.51,3.7125,-0.7975
10/29/2024,4.65,5.32,0.16,0.45,4.74,4.51,3.7085,-0.8015
10/30/2024,4.65,5.32,0.16,0.45,4.79,4.51,3.7185,-0.7915
10/31/2024,4.67,5.32,0.16,0.45,4.8,4.51,3.7275,-0.7825
11/1/2024,4.67,5.32,0.16,0.43,4.85,4.42,3.7355,-0.6845
11/4/2024,4.65,5.32,0.16,0.43,4.8,4.42,3.7185,-0.7015
11/5/2024,4.46,5.32,0.16,0.43,4.82,4.42,3.656,-0.764
11/6/2024,4.46,5.32,0.16,0.43,4.86,4.42,3.664,-0.756
11/7/2024,4.46,5.32,0.16,0.43,4.76,4.42,3.644,-0.776
11/8/2024,4.46,5.32,0.16,0.43,4.8,4.42,3.652,-0.768
11/11/2024,4.46,5.32,0.16,0.43,4.8,4.42,3.652,-0.768
11/12/2024,4.48,5.32,0.16,0.43,4.87,4.42,3.673,-0.747
11/13/2024,4.48,5.32,0.16,0.43,4.82,4.42,3.663,-0.757
11/14/2024,4.45,5.32,0.16,0.43,4.89,4.42,3.6665,-0.7535
11/15/2024,4.47,5.32,0.16,0.43,4.86,4.42,3.6675,-0.7525
11/18/2024,4.47,5.32,0.16,0.43,4.83,4.42,3.6615,-0.7585
11/19/2024,4.47,5.32,0.16,0.43,4.82,4.42,3.6595,-0.7605
11/20/2024,4.47,5.32,0.16,0.43,4.86,4.42,3.6675,-0.7525
11/21/2024,4.56,5.32,0.16,0.43,4.89,4.42,3.705,-0.715
11/22/2024,4.56,5.32,0.16,0.43,4.91,4.42,3.709,-0.711
11/25/2024,4.46,5.32,0.16,0.43,4.8,4.42,3.652,-0.768
11/26/2024,4.55,5.32,0.16,0.43,4.82,4.42,3.6875,-0.7325
11/27/2024,4.58,5.32,0.16,0.43,4.8,4.42,3.694,-0.726
11/28/2024,4.58,5.32,0.16,0.43,4.8,4.42,3.694,-0.726
11/29/2024,4.58,5.32,0.16,0.43,4.75,4.42,3.684,-0.736
11/30/2024,4.58,5.32,0.16,0.43,4.76,4.42,3.686,-0.734
12/1/2024,4.58,5.32,0.16,0.42,4.76,4.27,3.685,-0.585
12/2/2024,4.58,5.32,0.16,0.42,4.77,4.27,3.687,-0.583
12/3/2024,4.58,5.32,0.16,0.42,4.76,4.27,3.685,-0.585
12/4/2024,4.53,5.32,0.16,0.42,4.71,4.27,3.6575,-0.6125
12/5/2024,4.51,5.32,0.16,0.42,4.72,4.27,3.6525,-0.6175
12/6/2024,4.47,5.32,0.16,0.42,4.68,4.27,3.6305,-0.6395
12/9/2024,4.49,5.32,0.16,0.42,4.7,4.27,3.6415,-0.6285
12/10/2024,4.5,5.32,0.16,0.42,4.71,4.27,3.647,-0.623
12/11/2024,4.43,5.32,0.16,0.42,4.72,4.27,3.6245,-0.6455
12/12/2024,4.43,5.32,0.16,0.42,4.75,4.27,3.6305,-0.6395
12/13/2024,4.5,5.32,0.16,0.42,4.8,4.27,3.665,-0.605
12/16/2024,4.48,5.32,0.16,0.42,4.79,4.27,3.656,-0.614
12/17/2024,4.47,5.32,0.16,0.42,4.79,4.27,3.6525,-0.6175
12/18/2024,4.47,5.32,0.16,0.42,4.9,4.27,3.6745,-0.5955
12/19/2024,4.39,5.32,0.16,0.42,4.9,4.27,3.6465,-0.6235
12/20/2024,4.39,5.32,0.16,0.42,4.89,4.27,3.6445,-0.6255
12/23/2024,4.37,5.32,0.16,0.42,4.91,4.27,3.6415,-0.6285
12/24/2024,4.37,5.32,0.16,0.42,4.91,4.27,3.6415,-0.6285
12/25/2024,4.37,5.32,0.16,0.42,4.91,4.27,3.6415,-0.6285
12/26/2024,4.37,5.32,0.16,0.42,4.9,4.27,3.6395,-0.6305
12/27/2024,4.37,5.32,0.16,0.42,4.9,4.27,3.6395,-0.6305
12/30/2024,4.37,5.32,0.16,0.42,4.83,4.27,3.6255,-0.6445
12/31/2024,4.37,5.32,0.16,0.42,4.85,4.27,3.6295,-0.6405
1/1/2025,4.37,5.32,0.16,0.41,4.85,4.21,3.6285,-0.5815
1/2/2025,4.4,5.32,0.16,0.41,4.85,4.21,3.639,-0.571
1/3/2025,4.38,5.32,0.16,0.41,4.87,4.21,3.636,-0.574
1/6/2025,4.35,5.32,0.16,0.41,4.86,4.21,3.6235,-0.5865
1/7/2025,4.32,5.32,0.16,0.41,4.89,4.21,3.619,-0.591
1/8/2025,4.32,5.32,0.16,0.41,4.87,4.21,3.615,-0.595
1/9/2025,4.32,5.32,0.16,0.41,4.86,4.21,3.613,-0.597
1/10/2025,4.27,5.32,0.16,0.41,4.97,4.21,3.6175,-0.5925
1/13/2025,4.27,5.32,0.16,0.41,4.98,4.21,3.6195,-0.5905
1/14/2025,4.27,5.32,0.16,0.41,4.96,4.21,3.6155,-0.5945
1/15/2025,4.27,5.32,0.16,0.41,4.85,4.21,3.5935,-0.6165
1/16/2025,4.33,5.32,0.16,0.41,4.83,4.21,3.6105,-0.5995
1/17/2025,4.33,5.32,0.16,0.41,4.86,4.21,3.6165,-0.5935
1/20/2025,4.33,5.32,0.16,0.41,4.85,4.21,3.6145,-0.5955
1/21/2025,4.31,5.32,0.16,0.41,4.84,4.21,3.6055,-0.6045
1/22/2025,4.33,5.32,0.16,0.41,4.86,4.21,3.6165,-0.5935
1/23/2025,4.29,5.32,0.16,0.41,4.85,4.21,3.6005,-0.6095
1/24/2025,4.29,5.32,0.16,0.41,4.82,4.21,3.5945,-0.6155
1/27/2025,4.29,5.32,0.16,0.41,4.76,4.21,3.5825,-0.6275
1/28/2025,4.29,5.32,0.16,0.41,4.76,4.21,3.5825,-0.6275
1/29/2025,4.27,5.32,0.16,0.41,4.79,4.21,3.5815,-0.6285
1/30/2025,4.38,5.32,0.16,0.41,4.76,4.21,3.614,-0.596
1/31/2025,4.38,5.32,0.16,0.41,4.79,4.21,3.62,-0.59
2/1/2025,4.38,5.32,0.16,0.41,4.79,4.22,3.62,-0.6
2/3/2025,4.35,5.32,0.16,0.41,4.83,4.22,3.6175,-0.6025
2/4/2025,4.35,5.32,0.16,0.41,4.79,4.22,3.6095,-0.6105
2/5/2025,4.26,5.32,0.16,0.41,4.76,4.22,3.572,-0.648
2/6/2025,4.26,5.32,0.16,0.41,4.78,4.22,3.576,-0.644
2/7/2025,4.38,5.32,0.16,0.41,4.85,4.22,3.632,-0.588
2/10/2025,4.38,5.32,0.16,0.41,4.83,4.22,3.628,-0.592
2/11/2025,4.28,5.32,0.16,0.41,4.84,4.22,3.595,-0.625
2/12/2025,4.38,5.32,0.16,0.41,4.89,4.22,3.64,-0.58
2/13/2025,4.38,5.32,0.16,0.41,4.84,4.22,3.63,-0.59
2/14/2025,4.39,5.32,0.16,0.41,4.79,4.22,3.6235,-0.5965
2/17/2025,4.39,5.32,0.16,0.41,4.78,4.22,3.6215,-0.5985
2/18/2025,4.39,5.32,0.16,0.41,4.81,4.22,3.6275,-0.5925
2/19/2025,4.31,5.32,0.16,0.41,4.78,4.22,3.5935,-0.6265
2/20/2025,4.33,5.32,0.16,0.41,4.78,4.22,3.6005,-0.6195
2/21/2025,4.33,5.32,0.16,0.41,4.72,4.22,3.5885,-0.6315
2/24/2025,4.33,5.32,0.16,0.41,4.71,4.22,3.5865,-0.6335
2/25/2025,4.33,5.32,0.16,0.41,4.66,4.22,3.5765,-0.6435
2/26/2025,4.32,5.32,0.16,0.41,4.64,4.22,3.569,-0.651
2/27/2025,4.3,5.32,0.16,0.41,4.64,4.22,3.562,-0.658
2/28/2025,4.39,5.32,0.16,0.41,4.61,4.22,3.5875,-0.6325
3/1/2025,4.39,5.32,0.16,0.41,4.61,4.2,3.5875,-0.6125
3/3/2025,4.39,5.32,0.16,0.41,4.59,4.2,3.5835,-0.6165
3/4/2025,4.3,5.32,0.16,0.41,4.58,4.2,3.55,-0.65
3/5/2025,4.29,5.32,0.16,0.41,4.63,4.2,3.5565,-0.6435
3/6/2025,4.27,5.32,0.16,0.41,4.61,4.2,3.5455,-0.6545
3/7/2025,4.27,5.32,0.16,0.41,4.65,4.2,3.5535,-0.6465
3/10/2025,4.27,5.32,0.16,0.41,4.58,4.2,3.5395,-0.6605
3/11/2025,4.27,5.32,0.16,0.41,4.65,4.2,3.5535,-0.6465
3/12/2025,4.27,5.32,0.16,0.41,4.7,4.2,3.5635,-0.6365
3/13/2025,4.28,5.32,0.16,0.41,4.69,4.2,3.565,-0.635
3/14/2025,4.33,5.32,0.16,0.41,4.73,4.2,3.5905,-0.6095
3/17/2025,4.27,5.32,0.16,0.41,4.74,4.2,3.5715,-0.6285
3/18/2025,4.27,5.32,0.16,0.41,4.72,4.2,3.5675,-0.6325
3/19/2025,4.27,5.32,0.16,0.41,4.65,4.2,3.5535,-0.6465
3/20/2025,4.27,5.32,0.16,0.41,4.62,4.2,3.5475,-0.6525
3/21/2025,4.27,5.32,0.16,0.41,4.62,4.2,3.5475,-0.6525
3/24/2025,4.3,5.32,0.16,0.41,4.69,4.2,3.572,-0.628
3/25/2025,4.35,5.32,0.16,0.41,4.66,4.2,3.5835,-0.6165
3/26/2025,4.35,5.32,0.16,0.41,4.68,4.2,3.5875,-0.6125
3/27/2025,4.28,5.32,0.16,0.41,4.67,4.2,3.561,-0.639
3/28/2025,4.3,5.32,0.16,0.41,4.6,4.2,3.554,-0.646
3/31/2025,4.3,5.32,0.16,0.41,4.61,4.2,3.556,-0.644
4/1/2025,4.26,5.32,0.16,0.41,4.59,4.2,3.538,-0.662
4/2/2025,4.3,5.32,0.16,0.41,4.62,4.2,3.558,-0.642
4/3/2025,4.3,5.32,0.16,0.41,4.52,4.2,3.538,-0.662
4/4/2025,4.32,5.32,0.16,0.41,4.59,4.2,3.559,-0.641
4/7/2025,4.32,5.32,0.16,0.41,4.77,4.2,3.595,-0.605
4/8/2025,4.32,5.32,0.16,0.41,4.72,4.2,3.585,-0.615
4/9/2025,4.29,5.32,0.16,0.41,4.91,4.2,3.6125,-0.5875
4/10/2025,4.35,5.32,0.16,0.41,4.87,4.2,3.6255,-0.5745
4/11/2025,4.35,5.32,0.16,0.41,4.99,4.2,3.6495,-0.5505
4/14/2025,4.35,5.32,0.16,0.41,4.85,4.2,3.6215,-0.5785
4/15/2025,4.39,5.32,0.16,0.41,4.83,4.2,3.6315,-0.5685
4/16/2025,4.39,5.32,0.16,0.41,4.75,4.2,3.6155,-0.5845
4/17/2025,4.39,5.32,0.16,0.41,4.75,4.2,3.6155,-0.5845
4/18/2025,4.39,5.32,0.16,0.41,4.75,4.2,3.6155,-0.5845
4/21/2025,4.34,5.32,0.16,0.41,4.74,4.2,3.596,-0.604
4/22/2025,4.19,5.32,0.16,0.41,4.77,4.2,3.5495,-0.6505
4/23/2025,4.26,5.32,0.16,0.41,4.78,4.2,3.576,-0.624
4/24/2025,4.26,5.32,0.16,0.41,4.7,4.2,3.56,-0.64
4/25/2025,4.37,5.32,0.16,0.41,4.64,4.2,3.5865,-0.6135
4/28/2025,4.37,5.32,0.16,0.41,4.55,4.2,3.5685,-0.6315
4/29/2025,4.38,5.32,0.16,0.41,4.53,4.2,3.568,-0.632
