DATE,DCPF3M,IR3TCD01USM156N,IR3TED01USM156N,BAMLC1A0C13YEY,TB3MS,BSBY_proxy_3M,TED_new
2021-04-01,0.11,0.11,0.18,0.69,0.02,0.1252,0.1052
2021-04-02,0.11,0.11,0.18,0.69,0.02,0.1252,0.1052
2021-04-05,0.11,0.11,0.18,0.69,0.02,0.1252,0.1052
2021-04-06,0.11,0.11,0.18,0.67,0.02,0.125,0.105
2021-04-07,0.11,0.11,0.18,0.66,0.02,0.1249,0.1049
2021-04-08,0.12,0.11,0.18,0.66,0.02,0.1294,0.10939999999999998
2021-04-09,0.12,0.11,0.18,0.67,0.02,0.1295,0.1095
2021-04-12,0.12,0.11,0.18,0.67,0.02,0.1295,0.1095
2021-04-13,0.06,0.11,0.18,0.65,0.02,0.1023,0.0823
2021-04-14,0.12,0.11,0.18,0.65,0.02,0.1293,0.1093
2021-04-15,0.14,0.11,0.18,0.65,0.02,0.13830000000000003,0.11830000000000003
2021-04-16,0.14,0.11,0.18,0.66,0.02,0.13840000000000002,0.11840000000000002
2021-04-19,0.1,0.11,0.18,0.65,0.02,0.12030000000000002,0.10030000000000001
2021-04-20,0.14,0.11,0.18,0.65,0.02,0.13830000000000003,0.11830000000000003
2021-04-21,0.11,0.11,0.18,0.64,0.02,0.1247,0.1047
2021-04-22,0.12,0.11,0.18,0.64,0.02,0.12919999999999998,0.10919999999999998
2021-04-23,0.12,0.11,0.18,0.65,0.02,0.1293,0.1093
2021-04-26,0.11,0.11,0.18,0.65,0.02,0.12480000000000001,0.1048
2021-04-27,0.11,0.11,0.18,0.65,0.02,0.12480000000000001,0.1048
2021-04-28,0.04,0.11,0.18,0.63,0.02,0.0931,0.0731
2021-04-29,0.11,0.11,0.18,0.64,0.02,0.1247,0.1047
2021-04-30,0.11,0.11,0.18,0.65,0.02,0.12480000000000001,0.1048
2021-05-01,0.11,0.1,0.16,0.65,0.02,0.11800000000000002,0.09800000000000002
2021-05-03,0.12,0.1,0.16,0.64,0.02,0.1224,0.10239999999999999
2021-05-04,0.12,0.1,0.16,0.64,0.02,0.1224,0.10239999999999999
2021-05-05,0.11,0.1,0.16,0.63,0.02,0.11780000000000002,0.09780000000000001
2021-05-06,0.11,0.1,0.16,0.63,0.02,0.11780000000000002,0.09780000000000001
2021-05-07,0.15,0.1,0.16,0.61,0.02,0.1356,0.1156
2021-05-10,0.11,0.1,0.16,0.61,0.02,0.11760000000000001,0.0976
2021-05-11,0.1,0.1,0.16,0.62,0.02,0.11320000000000001,0.0932
2021-05-12,0.08,0.1,0.16,0.63,0.02,0.1043,0.0843
2021-05-13,0.09,0.1,0.16,0.62,0.02,0.1087,0.0887
2021-05-14,0.12,0.1,0.16,0.61,0.02,0.12209999999999999,0.10209999999999998
2021-05-17,0.12,0.1,0.16,0.6,0.02,0.122,0.102
2021-05-18,0.08,0.1,0.16,0.6,0.02,0.10400000000000001,0.084
2021-05-19,0.09,0.1,0.16,0.61,0.02,0.1086,0.0886
2021-05-20,0.09,0.1,0.16,0.59,0.02,0.10840000000000001,0.0884
2021-05-21,0.09,0.1,0.16,0.6,0.02,0.10850000000000001,0.08850000000000001
2021-05-24,0.08,0.1,0.16,0.58,0.02,0.1038,0.0838
2021-05-25,0.08,0.1,0.16,0.57,0.02,0.1037,0.0837
2021-05-26,0.09,0.1,0.16,0.56,0.02,0.1081,0.0881
2021-05-27,0.09,0.1,0.16,0.57,0.02,0.1082,0.0882
2021-05-28,0.08,0.1,0.16,0.56,0.02,0.1036,0.0836
2021-05-31,0.08,0.1,0.16,0.58,0.02,0.1038,0.0838
2021-06-01,0.09,0.09,0.16,0.58,0.04,0.10450000000000001,0.0645
2021-06-02,0.09,0.09,0.16,0.58,0.04,0.10450000000000001,0.0645
2021-06-03,0.09,0.09,0.16,0.6,0.04,0.10470000000000002,0.06470000000000001
2021-06-04,0.09,0.09,0.16,0.59,0.04,0.10460000000000001,0.06460000000000002
2021-06-07,0.07,0.09,0.16,0.59,0.04,0.0956,0.055600000000000004
2021-06-08,0.08,0.09,0.16,0.58,0.04,0.1,0.060000000000000005
2021-06-09,0.09,0.09,0.16,0.58,0.04,0.10450000000000001,0.0645
2021-06-10,0.09,0.09,0.16,0.58,0.04,0.10450000000000001,0.0645
2021-06-11,0.08,0.09,0.16,0.58,0.04,0.1,0.060000000000000005
2021-06-14,0.07,0.09,0.16,0.59,0.04,0.0956,0.055600000000000004
2021-06-15,0.06,0.09,0.16,0.59,0.04,0.0911,0.0511
2021-06-16,0.07,0.09,0.16,0.63,0.04,0.096,0.056
2021-06-17,0.07,0.09,0.16,0.64,0.04,0.0961,0.056100000000000004
2021-06-18,0.07,0.09,0.16,0.68,0.04,0.0965,0.0565
2021-06-21,0.07,0.09,0.16,0.67,0.04,0.0964,0.0564
2021-06-22,0.1,0.09,0.16,0.65,0.04,0.10970000000000002,0.06970000000000001
2021-06-23,0.09,0.09,0.16,0.66,0.04,0.1053,0.0653
2021-06-24,0.12,0.09,0.16,0.67,0.04,0.11889999999999999,0.0789
2021-06-25,0.11,0.09,0.16,0.68,0.04,0.11449999999999999,0.07449999999999998
2021-06-28,0.12,0.09,0.16,0.65,0.04,0.1187,0.07869999999999999
2021-06-29,0.11,0.09,0.16,0.64,0.04,0.1141,0.0741
2021-06-30,0.1,0.09,0.16,0.66,0.04,0.10980000000000001,0.0698
2021-07-01,0.12,0.1,0.16,0.68,0.05,0.12279999999999999,0.07279999999999999
2021-07-02,0.1,0.1,0.16,0.66,0.05,0.1136,0.0636
2021-07-05,0.1,0.1,0.16,0.65,0.05,0.11350000000000002,0.06350000000000001
2021-07-06,0.11,0.1,0.16,0.63,0.05,0.11780000000000002,0.06780000000000001
2021-07-07,0.11,0.1,0.16,0.62,0.05,0.11770000000000001,0.06770000000000001
2021-07-08,0.11,0.1,0.16,0.61,0.05,0.11760000000000001,0.06760000000000001
2021-07-09,0.11,0.1,0.16,0.64,0.05,0.11790000000000002,0.06790000000000002
2021-07-12,0.11,0.1,0.16,0.64,0.05,0.11790000000000002,0.06790000000000002
2021-07-13,0.11,0.1,0.16,0.68,0.05,0.11830000000000002,0.06830000000000001
2021-07-14,0.11,0.1,0.16,0.65,0.05,0.11800000000000002,0.06800000000000002
2021-07-15,0.11,0.1,0.16,0.65,0.05,0.11800000000000002,0.06800000000000002
2021-07-16,0.08,0.1,0.16,0.65,0.05,0.10450000000000001,0.05450000000000001
2021-07-19,0.08,0.1,0.16,0.63,0.05,0.1043,0.0543
2021-07-20,0.11,0.1,0.16,0.63,0.05,0.11780000000000002,0.06780000000000001
2021-07-21,0.11,0.1,0.16,0.64,0.05,0.11790000000000002,0.06790000000000002
2021-07-22,0.11,0.1,0.16,0.64,0.05,0.11790000000000002,0.06790000000000002
2021-07-23,0.11,0.1,0.16,0.63,0.05,0.11780000000000002,0.06780000000000001
2021-07-26,0.11,0.1,0.16,0.64,0.05,0.11790000000000002,0.06790000000000002
2021-07-27,0.11,0.1,0.16,0.62,0.05,0.11770000000000001,0.06770000000000001
2021-07-28,0.09,0.1,0.16,0.63,0.05,0.10880000000000001,0.058800000000000005
2021-07-29,0.08,0.1,0.16,0.61,0.05,0.1041,0.054099999999999995
2021-07-30,0.09,0.1,0.16,0.59,0.05,0.10840000000000001,0.05840000000000001
2021-07-31,0.09,0.1,0.16,0.61,0.05,0.1086,0.0586
2021-08-01,0.09,0.1,0.16,0.61,0.05,0.1086,0.0586
2021-08-02,0.11,0.1,0.16,0.6,0.05,0.11750000000000002,0.06750000000000002
2021-08-03,0.15,0.1,0.16,0.6,0.05,0.1355,0.0855
2021-08-04,0.09,0.1,0.16,0.62,0.05,0.1087,0.0587
2021-08-05,0.09,0.1,0.16,0.64,0.05,0.10890000000000001,0.05890000000000001
2021-08-06,0.09,0.1,0.16,0.65,0.05,0.10900000000000001,0.05900000000000001
2021-08-09,0.11,0.1,0.16,0.65,0.05,0.11800000000000002,0.06800000000000002
2021-08-10,0.11,0.1,0.16,0.67,0.05,0.11820000000000001,0.06820000000000001
2021-08-11,0.11,0.1,0.16,0.66,0.05,0.11810000000000001,0.06810000000000001
2021-08-12,0.1,0.1,0.16,0.68,0.05,0.11380000000000001,0.06380000000000001
2021-08-13,0.1,0.1,0.16,0.65,0.05,0.11350000000000002,0.06350000000000001
2021-08-16,0.1,0.1,0.16,0.64,0.05,0.11340000000000001,0.06340000000000001
2021-08-17,0.1,0.1,0.16,0.65,0.05,0.11350000000000002,0.06350000000000001
2021-08-18,0.1,0.1,0.16,0.66,0.05,0.1136,0.0636
2021-08-19,0.1,0.1,0.16,0.67,0.05,0.11370000000000001,0.0637
2021-08-20,0.09,0.1,0.16,0.68,0.05,0.10930000000000001,0.059300000000000005
2021-08-23,0.09,0.1,0.16,0.66,0.05,0.1091,0.0591
2021-08-24,0.08,0.1,0.16,0.66,0.05,0.1046,0.054599999999999996
2021-08-25,0.08,0.1,0.16,0.66,0.05,0.1046,0.054599999999999996
2021-08-26,0.09,0.1,0.16,0.66,0.05,0.1091,0.0591
2021-08-27,0.09,0.1,0.16,0.63,0.05,0.10880000000000001,0.058800000000000005
2021-08-30,0.1,0.1,0.16,0.61,0.05,0.1131,0.0631
2021-08-31,0.09,0.1,0.16,0.63,0.05,0.10880000000000001,0.058800000000000005
2021-09-01,0.09,0.1,0.16,0.63,0.04,0.10880000000000001,0.0688
2021-09-02,0.1,0.1,0.16,0.64,0.04,0.11340000000000001,0.07340000000000002
2021-09-03,0.1,0.1,0.16,0.64,0.04,0.11340000000000001,0.07340000000000002
2021-09-06,0.1,0.1,0.16,0.63,0.04,0.11330000000000001,0.0733
2021-09-07,0.09,0.1,0.16,0.64,0.04,0.10890000000000001,0.06890000000000002
2021-09-08,0.09,0.1,0.16,0.64,0.04,0.10890000000000001,0.06890000000000002
2021-09-09,0.09,0.1,0.16,0.63,0.04,0.10880000000000001,0.0688
2021-09-10,0.09,0.1,0.16,0.64,0.04,0.10890000000000001,0.06890000000000002
2021-09-13,0.09,0.1,0.16,0.63,0.04,0.10880000000000001,0.0688
2021-09-14,0.08,0.1,0.16,0.62,0.04,0.1042,0.06420000000000001
2021-09-15,0.08,0.1,0.16,0.62,0.04,0.1042,0.06420000000000001
2021-09-16,0.1,0.1,0.16,0.64,0.04,0.11340000000000001,0.07340000000000002
2021-09-17,0.1,0.1,0.16,0.64,0.04,0.11340000000000001,0.07340000000000002
2021-09-20,0.1,0.1,0.16,0.63,0.04,0.11330000000000001,0.0733
2021-09-21,0.1,0.1,0.16,0.63,0.04,0.11330000000000001,0.0733
2021-09-22,0.1,0.1,0.16,0.65,0.04,0.11350000000000002,0.07350000000000001
2021-09-23,0.1,0.1,0.16,0.67,0.04,0.11370000000000001,0.07370000000000002
2021-09-24,0.09,0.1,0.16,0.68,0.04,0.10930000000000001,0.0693
2021-09-27,0.1,0.1,0.16,0.67,0.04,0.11370000000000001,0.07370000000000002
2021-09-28,0.1,0.1,0.16,0.67,0.04,0.11370000000000001,0.07370000000000002
2021-09-29,0.14,0.1,0.16,0.67,0.04,0.13170000000000004,0.09170000000000003
2021-09-30,0.1,0.1,0.16,0.7,0.04,0.11400000000000002,0.07400000000000001
2021-10-01,0.1,0.11,0.16,0.67,0.05,0.11750000000000001,0.0675
2021-10-04,0.1,0.11,0.16,0.68,0.05,0.11760000000000001,0.06760000000000001
2021-10-05,0.1,0.11,0.16,0.69,0.05,0.11770000000000001,0.06770000000000001
2021-10-06,0.11,0.11,0.16,0.71,0.05,0.12240000000000001,0.0724
2021-10-07,0.1,0.11,0.16,0.73,0.05,0.11810000000000001,0.06810000000000001
2021-10-08,0.1,0.11,0.16,0.75,0.05,0.11830000000000002,0.06830000000000001
2021-10-11,0.1,0.11,0.16,0.74,0.05,0.11820000000000001,0.06820000000000001
2021-10-12,0.1,0.11,0.16,0.77,0.05,0.11850000000000001,0.0685
2021-10-13,0.1,0.11,0.16,0.79,0.05,0.11870000000000001,0.06870000000000001
2021-10-14,0.12,0.11,0.16,0.77,0.05,0.1275,0.0775
2021-10-15,0.11,0.11,0.16,0.81,0.05,0.12340000000000001,0.0734
2021-10-18,0.11,0.11,0.16,0.84,0.05,0.12370000000000002,0.07370000000000002
2021-10-19,0.11,0.11,0.16,0.82,0.05,0.12350000000000001,0.07350000000000001
2021-10-20,0.11,0.11,0.16,0.81,0.05,0.12340000000000001,0.0734
2021-10-21,0.13,0.11,0.16,0.88,0.05,0.1331,0.0831
2021-10-22,0.13,0.11,0.16,0.9,0.05,0.1333,0.0833
2021-10-25,0.13,0.11,0.16,0.87,0.05,0.133,0.083
2021-10-26,0.1,0.11,0.16,0.88,0.05,0.11960000000000001,0.06960000000000001
2021-10-27,0.11,0.11,0.16,0.88,0.05,0.12410000000000002,0.07410000000000001
2021-10-28,0.12,0.11,0.16,0.91,0.05,0.1289,0.07889999999999998
2021-10-29,0.11,0.11,0.16,0.9,0.05,0.12430000000000002,0.07430000000000002
2021-10-31,0.11,0.11,0.16,0.93,0.05,0.12460000000000002,0.07460000000000001
2021-11-01,0.13,0.14,0.16,0.96,0.05,0.1453,0.09530000000000001
2021-11-02,0.17,0.14,0.16,0.9,0.05,0.1627,0.11270000000000001
2021-11-03,0.11,0.14,0.16,0.93,0.05,0.136,0.08600000000000001
2021-11-04,0.13,0.14,0.16,0.87,0.05,0.14440000000000003,0.09440000000000003
2021-11-05,0.11,0.14,0.16,0.84,0.05,0.1351,0.0851
2021-11-08,0.13,0.14,0.16,0.88,0.05,0.14450000000000002,0.09450000000000001
2021-11-09,0.16,0.14,0.16,0.85,0.05,0.1577,0.1077
2021-11-10,0.12,0.14,0.16,0.95,0.05,0.14070000000000002,0.09070000000000002
2021-11-11,0.12,0.14,0.16,0.95,0.05,0.14070000000000002,0.09070000000000002
2021-11-12,0.13,0.14,0.16,0.98,0.05,0.14550000000000002,0.09550000000000002
2021-11-15,0.15,0.14,0.16,0.99,0.05,0.1546,0.10459999999999998
2021-11-16,0.15,0.14,0.16,1.0,0.05,0.1547,0.1047
2021-11-17,0.13,0.14,0.16,0.99,0.05,0.1456,0.0956
2021-11-18,0.14,0.14,0.16,0.99,0.05,0.1501,0.10010000000000001
2021-11-19,0.14,0.14,0.16,1.0,0.05,0.15020000000000003,0.10020000000000003
2021-11-22,0.14,0.14,0.16,1.07,0.05,0.15090000000000003,0.10090000000000003
2021-11-23,0.15,0.14,0.16,1.07,0.05,0.15539999999999998,0.10539999999999998
2021-11-24,0.12,0.14,0.16,1.11,0.05,0.1423,0.09230000000000001
2021-11-25,0.12,0.14,0.16,1.11,0.05,0.1423,0.09230000000000001
2021-11-26,0.15,0.14,0.16,1.03,0.05,0.155,0.105
2021-11-29,0.15,0.14,0.16,1.03,0.05,0.155,0.105
2021-11-30,0.21,0.14,0.16,1.08,0.05,0.1825,0.1325
2021-12-01,0.15,0.17,0.16,1.11,0.06,0.1672,0.10719999999999999
2021-12-02,0.21,0.17,0.16,1.18,0.06,0.19490000000000002,0.13490000000000002
2021-12-03,0.17,0.17,0.16,1.13,0.06,0.1764,0.1164
2021-12-06,0.17,0.17,0.16,1.17,0.06,0.17679999999999998,0.11679999999999999
2021-12-07,0.16,0.17,0.16,1.2,0.06,0.1726,0.1126
2021-12-08,0.16,0.17,0.16,1.2,0.06,0.1726,0.1126
2021-12-09,0.16,0.17,0.16,1.21,0.06,0.1727,0.1127
2021-12-10,0.17,0.17,0.16,1.19,0.06,0.177,0.11699999999999999
2021-12-13,0.17,0.17,0.16,1.18,0.06,0.1769,0.1169
2021-12-14,0.17,0.17,0.16,1.19,0.06,0.177,0.11699999999999999
2021-12-15,0.13,0.17,0.16,1.22,0.06,0.1593,0.0993
2021-12-16,0.17,0.17,0.16,1.15,0.06,0.1766,0.11660000000000001
2021-12-17,0.17,0.17,0.16,1.17,0.06,0.17679999999999998,0.11679999999999999
2021-12-20,0.22,0.17,0.16,1.16,0.06,0.19920000000000002,0.13920000000000002
2021-12-21,0.18,0.17,0.16,1.19,0.06,0.1815,0.1215
2021-12-22,0.18,0.17,0.16,1.18,0.06,0.1814,0.12140000000000001
2021-12-23,0.18,0.17,0.16,1.19,0.06,0.1815,0.1215
2021-12-24,0.18,0.17,0.16,1.19,0.06,0.1815,0.1215
2021-12-27,0.18,0.17,0.16,1.2,0.06,0.1816,0.12160000000000001
2021-12-28,0.18,0.17,0.16,1.18,0.06,0.1814,0.12140000000000001
2021-12-29,0.18,0.17,0.16,1.18,0.06,0.1814,0.12140000000000001
2021-12-30,0.13,0.17,0.16,1.17,0.06,0.1588,0.0988
2021-12-31,0.13,0.17,0.16,1.21,0.06,0.1592,0.09920000000000001
2022-01-01,0.13,0.22,0.16,1.21,0.15,0.1782,0.028200000000000003
2022-01-03,0.14,0.22,0.16,1.26,0.15,0.1832,0.03320000000000001
2022-01-04,0.14,0.22,0.16,1.24,0.15,0.183,0.033
2022-01-05,0.18,0.22,0.16,1.28,0.15,0.20140000000000002,0.05140000000000003
2022-01-06,0.16,0.22,0.16,1.33,0.15,0.19290000000000002,0.04290000000000002
2022-01-07,0.18,0.22,0.16,1.32,0.15,0.2018,0.05180000000000001
2022-01-10,0.2,0.22,0.16,1.35,0.15,0.21110000000000004,0.06110000000000004
2022-01-11,0.21,0.22,0.16,1.34,0.15,0.2155,0.0655
2022-01-12,0.17,0.22,0.16,1.35,0.15,0.19760000000000003,0.04760000000000003
2022-01-13,0.21,0.22,0.16,1.34,0.15,0.2155,0.0655
2022-01-14,0.21,0.22,0.16,1.41,0.15,0.2162,0.06620000000000001
2022-01-17,0.21,0.22,0.16,1.4,0.15,0.21610000000000001,0.06610000000000002
2022-01-18,0.23,0.22,0.16,1.48,0.15,0.22590000000000002,0.07590000000000002
2022-01-19,0.22,0.22,0.16,1.47,0.15,0.2213,0.0713
2022-01-20,0.22,0.22,0.16,1.49,0.15,0.2215,0.07150000000000001
2022-01-21,0.23,0.22,0.16,1.46,0.15,0.2257,0.07570000000000002
2022-01-24,0.23,0.22,0.16,1.44,0.15,0.2255,0.07550000000000001
2022-01-25,0.29,0.22,0.16,1.47,0.15,0.2528,0.10280000000000003
2022-01-26,0.24,0.22,0.16,1.52,0.15,0.23079999999999998,0.08079999999999998
2022-01-27,0.3,0.22,0.16,1.63,0.15,0.2589,0.10890000000000002
2022-01-28,0.3,0.22,0.16,1.64,0.15,0.259,0.10900000000000001
2022-01-31,0.3,0.22,0.16,1.71,0.15,0.2597,0.10969999999999999
2022-02-01,0.22,0.38,0.16,1.69,0.33,0.2843,-0.04570000000000002
2022-02-02,0.29,0.38,0.16,1.68,0.33,0.31570000000000004,-0.01429999999999998
2022-02-03,0.29,0.38,0.16,1.7,0.33,0.31590000000000007,-0.014099999999999946
2022-02-04,0.29,0.38,0.16,1.82,0.33,0.31710000000000005,-0.012899999999999967
2022-02-07,0.29,0.38,0.16,1.8,0.33,0.31690000000000007,-0.013099999999999945
2022-02-08,0.36,0.38,0.16,1.83,0.33,0.3487,0.018699999999999994
2022-02-09,0.36,0.38,0.16,1.84,0.33,0.3488,0.018799999999999983
2022-02-10,0.36,0.38,0.16,2.02,0.33,0.3506,0.020600000000000007
2022-02-11,0.36,0.38,0.16,2.0,0.33,0.35040000000000004,0.02040000000000003
2022-02-14,0.36,0.38,0.16,2.07,0.33,0.3511,0.021100000000000008
2022-02-15,0.36,0.38,0.16,2.06,0.33,0.35100000000000003,0.02100000000000002
2022-02-16,0.36,0.38,0.16,2.05,0.33,0.35090000000000005,0.02090000000000003
2022-02-17,0.42,0.38,0.16,2.03,0.33,0.37770000000000004,0.04770000000000002
2022-02-18,0.39,0.38,0.16,2.03,0.33,0.3642,0.03420000000000001
2022-02-21,0.39,0.38,0.16,2.04,0.33,0.36430000000000007,0.03430000000000005
2022-02-22,0.4,0.38,0.16,2.12,0.33,0.36960000000000004,0.039600000000000024
2022-02-23,0.42,0.38,0.16,2.15,0.33,0.37890000000000007,0.048900000000000055
2022-02-24,0.44,0.38,0.16,2.18,0.33,0.38820000000000005,0.05820000000000003
2022-02-25,0.42,0.38,0.16,2.21,0.33,0.37950000000000006,0.049500000000000044
2022-02-28,0.49,0.38,0.16,2.21,0.33,0.41100000000000003,0.08100000000000002
2022-03-01,0.54,0.73,0.16,2.13,0.44,0.5657,0.12569999999999998
2022-03-02,0.53,0.73,0.16,2.33,0.44,0.5632,0.12320000000000003
2022-03-03,0.62,0.73,0.16,2.35,0.44,0.6039,0.1639
2022-03-04,1.12,0.73,0.16,2.34,0.44,0.8288000000000001,0.3888000000000001
2022-03-07,0.72,0.73,0.16,2.43,0.44,0.6496999999999999,0.20969999999999994
2022-03-08,0.53,0.73,0.16,2.59,0.44,0.5658000000000001,0.12580000000000008
2022-03-09,0.49,0.73,0.16,2.62,0.44,0.5481,0.10810000000000003
2022-03-10,0.55,0.73,0.16,2.68,0.44,0.5757000000000001,0.1357000000000001
2022-03-11,0.5,0.73,0.16,2.72,0.44,0.5536,0.11359999999999998
2022-03-14,0.71,0.73,0.16,2.83,0.44,0.6492,0.2092
2022-03-15,0.91,0.73,0.16,2.87,0.44,0.7396,0.29960000000000003
2022-03-16,0.9,0.73,0.16,2.94,0.44,0.7358,0.2958
2022-03-17,1.01,0.73,0.16,2.86,0.44,0.7845,0.3445
2022-03-18,0.8,0.73,0.16,2.85,0.44,0.6899,0.24989999999999996
2022-03-21,0.79,0.73,0.16,2.97,0.44,0.6866000000000001,0.2466000000000001
2022-03-22,0.88,0.73,0.16,2.98,0.44,0.7272000000000001,0.28720000000000007
2022-03-23,0.71,0.73,0.16,2.93,0.44,0.6502,0.2102
2022-03-24,0.71,0.73,0.16,2.95,0.44,0.6504,0.21039999999999998
2022-03-25,0.75,0.73,0.16,3.09,0.44,0.6698000000000001,0.22980000000000006
2022-03-28,0.75,0.73,0.16,3.11,0.44,0.67,0.23000000000000004
2022-03-29,0.84,0.73,0.16,3.05,0.44,0.7099,0.2699
2022-03-30,0.84,0.73,0.16,3.01,0.44,0.7095,0.2695
2022-03-31,0.84,0.73,0.16,2.86,0.44,0.708,0.26799999999999996
2022-04-01,0.61,0.91,0.16,2.98,0.76,0.6741000000000001,-0.08589999999999987
2022-04-04,0.86,0.91,0.16,2.98,0.76,0.7866000000000001,0.026600000000000068
2022-04-05,0.86,0.91,0.16,3.04,0.76,0.7872,0.027200000000000002
2022-04-06,0.87,0.91,0.16,3.05,0.76,0.7918000000000001,0.03180000000000005
2022-04-07,0.85,0.91,0.16,3.02,0.76,0.7825,0.022499999999999964
2022-04-08,0.81,0.91,0.16,3.09,0.76,0.7652000000000001,0.0052000000000000934
2022-04-11,0.75,0.91,0.16,3.1,0.76,0.7383000000000001,-0.02169999999999994
2022-04-12,0.75,0.91,0.16,3.01,0.76,0.7374,-0.022599999999999953
2022-04-13,0.86,0.91,0.16,2.99,0.76,0.7867000000000001,0.026700000000000057
2022-04-14,0.81,0.91,0.16,3.07,0.76,0.765,0.0050000000000000044
2022-04-15,0.81,0.91,0.16,3.07,0.76,0.765,0.0050000000000000044
2022-04-18,0.81,0.91,0.16,3.09,0.76,0.7652000000000001,0.0052000000000000934
2022-04-19,0.84,0.91,0.16,3.2,0.76,0.7798,0.01980000000000004
2022-04-20,1.09,0.91,0.16,3.2,0.76,0.8923000000000001,0.13230000000000008
2022-04-21,1.13,0.91,0.16,3.32,0.76,0.9115,0.15149999999999997
2022-04-22,1.11,0.91,0.16,3.35,0.76,0.9028,0.14280000000000004
2022-04-25,0.91,0.91,0.16,3.28,0.76,0.8121,0.052100000000000035
2022-04-26,0.91,0.91,0.16,3.21,0.76,0.8114000000000001,0.05140000000000011
2022-04-27,1.0,0.91,0.16,3.21,0.76,0.8519000000000001,0.09190000000000009
2022-04-28,0.85,0.91,0.16,3.28,0.76,0.7850999999999999,0.0250999999999999
2022-04-29,1.28,0.91,0.16,3.35,0.76,0.9793000000000001,0.21930000000000005
2022-04-30,1.28,0.91,0.16,3.43,0.76,0.9801000000000001,0.22010000000000007
2022-05-01,1.28,1.33,0.16,3.43,0.98,1.1397000000000002,0.15970000000000018
2022-05-02,1.2,1.33,0.16,3.46,0.98,1.104,0.12400000000000011
2022-05-03,1.21,1.33,0.16,3.48,0.98,1.1087,0.12870000000000004
2022-05-04,1.05,1.33,0.16,3.35,0.98,1.0354,0.055400000000000116
2022-05-05,1.26,1.33,0.16,3.44,0.98,1.1308,0.15080000000000005
2022-05-06,1.27,1.33,0.16,3.45,0.98,1.1354000000000002,0.1554000000000002
2022-05-09,1.27,1.33,0.16,3.41,0.98,1.1350000000000002,0.15500000000000025
2022-05-10,1.37,1.33,0.16,3.4,0.98,1.1799000000000002,0.1999000000000002
2022-05-11,1.37,1.33,0.16,3.41,0.98,1.1800000000000002,0.20000000000000018
2022-05-12,1.4,1.33,0.16,3.32,0.98,1.1926,0.21260000000000012
2022-05-13,1.4,1.33,0.16,3.4,0.98,1.1934000000000002,0.21340000000000026
2022-05-16,1.4,1.33,0.16,3.37,0.98,1.1931000000000003,0.2131000000000003
2022-05-17,1.37,1.33,0.16,3.49,0.98,1.1808,0.2008000000000001
2022-05-18,1.37,1.33,0.16,3.48,0.98,1.1807,0.2007000000000001
2022-05-19,1.4,1.33,0.16,3.44,0.98,1.1938000000000002,0.2138000000000002
2022-05-20,1.4,1.33,0.16,3.41,0.98,1.1935000000000002,0.21350000000000025
2022-05-23,1.25,1.33,0.16,3.45,0.98,1.1264,0.14640000000000009
2022-05-24,1.31,1.33,0.16,3.33,0.98,1.1522000000000001,0.17220000000000013
2022-05-25,1.5,1.33,0.16,3.27,0.98,1.2371,0.2571000000000001
2022-05-26,1.52,1.33,0.16,3.22,0.98,1.2456,0.26560000000000006
2022-05-27,1.52,1.33,0.16,3.22,0.98,1.2456,0.26560000000000006
2022-05-30,1.52,1.33,0.16,3.23,0.98,1.2457,0.26570000000000005
2022-05-31,1.52,1.33,0.16,3.34,0.98,1.2468000000000001,0.26680000000000015
2022-06-01,1.51,1.87,0.16,3.44,1.49,1.4485,-0.04150000000000009
2022-06-02,1.54,1.87,0.16,3.42,1.49,1.4618,-0.028200000000000003
2022-06-03,1.58,1.87,0.16,3.45,1.49,1.4801000000000002,-0.009899999999999798
2022-06-06,1.55,1.87,0.16,3.51,1.49,1.4672,-0.02279999999999993
2022-06-07,1.62,1.87,0.16,3.5,1.49,1.4986,0.008599999999999941
2022-06-08,1.65,1.87,0.16,3.54,1.49,1.5125000000000002,0.022500000000000187
2022-06-09,1.65,1.87,0.16,3.58,1.49,1.5129000000000001,0.022900000000000142
2022-06-10,1.33,1.87,0.16,3.82,1.49,1.3713,-0.11870000000000003
2022-06-13,1.77,1.87,0.16,4.09,1.49,1.5719999999999998,0.08199999999999985
2022-06-14,1.76,1.87,0.16,4.24,1.49,1.5690000000000002,0.07900000000000018
2022-06-15,1.76,1.87,0.16,4.1,1.49,1.5676,0.07760000000000011
2022-06-16,2.13,1.87,0.16,4.04,1.49,1.7335,0.24350000000000005
2022-06-17,2.05,1.87,0.16,4.07,1.49,1.6978,0.20779999999999998
2022-06-20,2.05,1.87,0.16,4.08,1.49,1.6979,0.20789999999999997
2022-06-21,2.05,1.87,0.16,4.09,1.49,1.698,0.20799999999999996
2022-06-22,2.14,1.87,0.16,3.99,1.49,1.7375,0.24750000000000005
2022-06-23,2.23,1.87,0.16,3.96,1.49,1.7777000000000003,0.2877000000000003
2022-06-24,2.27,1.87,0.16,3.99,1.49,1.796,0.30600000000000005
2022-06-27,2.19,1.87,0.16,4.04,1.49,1.7605,0.27049999999999996
2022-06-28,2.24,1.87,0.16,4.07,1.49,1.7833000000000003,0.29330000000000034
2022-06-29,2.1,1.87,0.16,4.01,1.49,1.7197000000000002,0.22970000000000024
2022-06-30,2.25,1.87,0.16,3.97,1.49,1.7868000000000002,0.2968000000000002
2022-07-01,2.77,2.5,0.16,3.9,2.23,2.2595,0.02950000000000008
2022-07-04,2.77,2.5,0.16,3.92,2.23,2.2597,0.02970000000000006
2022-07-05,2.14,2.5,0.16,3.87,2.23,1.9757,-0.25429999999999997
2022-07-06,2.26,2.5,0.16,3.99,2.23,2.0309,-0.19910000000000005
2022-07-07,2.26,2.5,0.16,4.02,2.23,2.0311999999999997,-0.1988000000000003
2022-07-08,2.37,2.5,0.16,4.08,2.23,2.0812999999999997,-0.14870000000000028
2022-07-11,2.37,2.5,0.16,4.03,2.23,2.0808,-0.1492
2022-07-12,2.37,2.5,0.16,4.01,2.23,2.0805999999999996,-0.14940000000000042
2022-07-13,2.37,2.5,0.16,4.09,2.23,2.0814,-0.14860000000000007
2022-07-14,2.37,2.5,0.16,4.12,2.23,2.0816999999999997,-0.14830000000000032
2022-07-15,2.45,2.5,0.16,4.09,2.23,2.1174000000000004,-0.11259999999999959
2022-07-18,2.45,2.5,0.16,4.09,2.23,2.1174000000000004,-0.11259999999999959
2022-07-19,2.45,2.5,0.16,4.14,2.23,2.1179,-0.11209999999999987
2022-07-20,2.45,2.5,0.16,4.15,2.23,2.1180000000000003,-0.11199999999999966
2022-07-21,2.63,2.5,0.16,4.0,2.23,2.1975,-0.032500000000000195
2022-07-22,2.63,2.5,0.16,3.89,2.23,2.1963999999999997,-0.033600000000000296
2022-07-25,2.29,2.5,0.16,3.93,2.23,2.0437999999999996,-0.18620000000000037
2022-07-26,2.65,2.5,0.16,3.95,2.23,2.206,-0.02400000000000002
2022-07-27,2.65,2.5,0.16,3.89,2.23,2.2054,-0.024599999999999955
2022-07-28,2.7,2.5,0.16,3.79,2.23,2.2269,-0.0030999999999998806
2022-07-29,2.75,2.5,0.16,3.8,2.23,2.2495,0.01949999999999985
2022-07-31,2.75,2.5,0.16,3.83,2.23,2.2498,0.01980000000000004
2022-08-01,2.64,2.76,0.16,3.82,2.63,2.299,-0.33099999999999996
2022-08-02,2.72,2.76,0.16,3.97,2.63,2.3365,-0.29349999999999987
2022-08-03,2.68,2.76,0.16,3.99,2.63,2.3187,-0.3112999999999997
2022-08-04,2.68,2.76,0.16,3.92,2.63,2.3180000000000005,-0.3119999999999994
2022-08-05,2.68,2.76,0.16,4.11,2.63,2.3199000000000005,-0.3100999999999994
2022-08-08,2.75,2.76,0.16,4.07,2.63,2.351,-0.2789999999999999
2022-08-09,2.81,2.76,0.16,4.13,2.63,2.3786,-0.25139999999999985
2022-08-10,2.65,2.76,0.16,4.05,2.63,2.3058,-0.3241999999999998
2022-08-11,2.88,2.76,0.16,4.04,2.63,2.4092000000000002,-0.22079999999999966
2022-08-12,2.71,2.76,0.16,4.06,2.63,2.3329,-0.2970999999999999
2022-08-15,2.83,2.76,0.16,4.0,2.63,2.3863000000000003,-0.24369999999999958
2022-08-16,2.74,2.76,0.16,4.03,2.63,2.3461,-0.28390000000000004
2022-08-17,2.67,2.76,0.16,4.08,2.63,2.3151,-0.31489999999999974
2022-08-18,2.71,2.76,0.16,4.04,2.63,2.3327,-0.2972999999999999
2022-08-19,2.82,2.76,0.16,4.09,2.63,2.3827000000000003,-0.24729999999999963
2022-08-22,2.76,2.76,0.16,4.17,2.63,2.3565,-0.27349999999999985
2022-08-23,2.86,2.76,0.16,4.15,2.63,2.4013,-0.2286999999999999
2022-08-24,2.66,2.76,0.16,4.18,2.63,2.3116,-0.3184
2022-08-25,2.83,2.76,0.16,4.16,2.63,2.3879,-0.24209999999999976
2022-08-26,2.75,2.76,0.16,4.18,2.63,2.3520999999999996,-0.27790000000000026
2022-08-29,2.88,2.76,0.16,4.25,2.63,2.4113,-0.21869999999999967
2022-08-30,2.64,2.76,0.16,4.28,2.63,2.3036000000000003,-0.3263999999999996
2022-08-31,2.99,2.76,0.16,4.31,2.63,2.4614000000000003,-0.16859999999999964
2022-09-01,2.66,3.21,0.16,4.4,3.13,2.4848000000000003,-0.6451999999999996
2022-09-02,2.81,3.21,0.16,4.29,3.13,2.5512,-0.5787999999999998
2022-09-05,2.81,3.21,0.16,4.32,3.13,2.5515000000000003,-0.5784999999999996
2022-09-06,2.81,3.21,0.16,4.41,3.13,2.5524,-0.5775999999999999
2022-09-07,2.95,3.21,0.16,4.36,3.13,2.6149,-0.5150999999999999
2022-09-08,3.13,3.21,0.16,4.39,3.13,2.6962,-0.43379999999999974
2022-09-09,2.9,3.21,0.16,4.44,3.13,2.5932,-0.5367999999999999
2022-09-12,3.09,3.21,0.16,4.44,3.13,2.6787,-0.4512999999999998
2022-09-13,2.86,3.21,0.16,4.59,3.13,2.5767,-0.5532999999999997
2022-09-14,2.77,3.21,0.16,4.63,3.13,2.5366,-0.5933999999999999
2022-09-15,3.0,3.21,0.16,4.69,3.13,2.6407,-0.48930000000000007
2022-09-16,3.24,3.21,0.16,4.69,3.13,2.7487000000000004,-0.38129999999999953
2022-09-19,3.32,3.21,0.16,4.77,3.13,2.7855,-0.34450000000000003
2022-09-20,3.49,3.21,0.16,4.8,3.13,2.8623000000000003,-0.2676999999999996
2022-09-21,3.51,3.21,0.16,4.84,3.13,2.8716999999999997,-0.2583000000000002
2022-09-22,3.55,3.21,0.16,4.96,3.13,2.8909,-0.2391000000000001
2022-09-23,3.51,3.21,0.16,5.08,3.13,2.8741,-0.2559
2022-09-26,3.47,3.21,0.16,5.23,3.13,2.8575999999999997,-0.2724000000000002
2022-09-27,3.52,3.21,0.16,5.28,3.13,2.8806,-0.24940000000000007
2022-09-28,3.43,3.21,0.16,5.12,3.13,2.8385000000000002,-0.29149999999999965
2022-09-29,3.5,3.21,0.16,5.21,3.13,2.8709,-0.2591000000000001
2022-09-30,3.48,3.21,0.16,5.29,3.13,2.8627000000000002,-0.26729999999999965
2022-10-01,3.48,3.85,0.16,5.29,3.72,3.1059,-0.6141000000000001
2022-10-03,3.47,3.85,0.16,5.19,3.72,3.1004,-0.6196000000000002
2022-10-04,3.65,3.85,0.16,5.14,3.72,3.1809000000000003,-0.5390999999999999
2022-10-05,3.41,3.85,0.16,5.2,3.72,3.0735000000000006,-0.6464999999999996
2022-10-06,3.55,3.85,0.16,5.26,3.72,3.1371,-0.5829
2022-10-07,3.55,3.85,0.16,5.34,3.72,3.1379,-0.5821000000000001
2022-10-10,3.55,3.85,0.16,5.37,3.72,3.1382000000000003,-0.5817999999999999
2022-10-11,3.67,3.85,0.16,5.4,3.72,3.1925,-0.5275000000000003
2022-10-12,3.56,3.85,0.16,5.41,3.72,3.1431000000000004,-0.5768999999999997
2022-10-13,3.79,3.85,0.16,5.58,3.72,3.2483,-0.47170000000000023
2022-10-14,3.58,3.85,0.16,5.62,3.72,3.1542,-0.5658000000000003
2022-10-17,3.85,3.85,0.16,5.58,3.72,3.2753,-0.4447000000000001
2022-10-18,3.89,3.85,0.16,5.55,3.72,3.293,-0.42700000000000005
2022-10-19,4.07,3.85,0.16,5.68,3.72,3.3753,-0.3447
2022-10-20,4.11,3.85,0.16,5.75,3.72,3.394,-0.32600000000000007
2022-10-21,4.19,3.85,0.16,5.65,3.72,3.4290000000000007,-0.2909999999999995
2022-10-24,4.0,3.85,0.16,5.66,3.72,3.3436,-0.3764000000000003
2022-10-25,4.16,3.85,0.16,5.6,3.72,3.415,-0.30500000000000016
2022-10-26,4.16,3.85,0.16,5.57,3.72,3.4147,-0.30530000000000035
2022-10-27,4.0,3.85,0.16,5.48,3.72,3.3418,-0.3782000000000001
2022-10-28,3.83,3.85,0.16,5.56,3.72,3.2661000000000002,-0.45389999999999997
2022-10-31,4.25,3.85,0.16,5.65,3.72,3.4560000000000004,-0.2639999999999998
2022-11-01,4.25,4.46,0.16,5.69,4.15,3.6882000000000006,-0.46179999999999977
2022-11-02,4.25,4.46,0.16,5.73,4.15,3.6886000000000005,-0.4613999999999998
2022-11-03,4.27,4.46,0.16,5.83,4.15,3.6986,-0.45140000000000047
2022-11-04,4.27,4.46,0.16,5.8,4.15,3.6982999999999997,-0.45170000000000066
2022-11-07,4.39,4.46,0.16,5.83,4.15,3.7526,-0.3974000000000002
2022-11-08,4.59,4.46,0.16,5.76,4.15,3.8419,-0.3081000000000005
2022-11-09,4.24,4.46,0.16,5.7,4.15,3.6838,-0.46620000000000017
2022-11-10,4.6,4.46,0.16,5.4,4.15,3.8428,-0.30720000000000036
2022-11-11,4.6,4.46,0.16,5.4,4.15,3.8428,-0.30720000000000036
2022-11-14,4.6,4.46,0.16,5.42,4.15,3.843,-0.3070000000000004
2022-11-15,4.22,4.46,0.16,5.33,4.15,3.6711,-0.4789000000000003
2022-11-16,4.35,4.46,0.16,5.31,4.15,3.7294,-0.4206000000000003
2022-11-17,4.33,4.46,0.16,5.38,4.15,3.7211,-0.4289000000000005
2022-11-18,4.59,4.46,0.16,5.43,4.15,3.8386,-0.31140000000000034
2022-11-21,4.59,4.46,0.16,5.45,4.15,3.8388,-0.31120000000000037
2022-11-22,4.63,4.46,0.16,5.42,4.15,3.8564999999999996,-0.29350000000000076
2022-11-23,4.63,4.46,0.16,5.37,4.15,3.856,-0.2940000000000005
2022-11-24,4.63,4.46,0.16,5.39,4.15,3.8562,-0.2938000000000005
2022-11-25,4.55,4.46,0.16,5.36,4.15,3.8199,-0.3301000000000003
2022-11-28,4.56,4.46,0.16,5.34,4.15,3.8242000000000003,-0.3258000000000001
2022-11-29,4.49,4.46,0.16,5.37,4.15,3.793,-0.3570000000000002
2022-11-30,4.49,4.46,0.16,5.23,4.15,3.7916,-0.3584000000000005
2022-12-01,4.42,4.51,0.16,5.11,4.25,3.7779,-0.4721000000000002
2022-12-02,4.47,4.51,0.16,5.13,4.25,3.8005999999999998,-0.44940000000000024
2022-12-05,4.29,4.51,0.16,5.27,4.25,3.7210000000000005,-0.5289999999999995
2022-12-06,4.57,4.51,0.16,5.23,4.25,3.8466,-0.4034
2022-12-07,4.41,4.51,0.16,5.14,4.25,3.7737000000000003,-0.4762999999999997
2022-12-08,4.37,4.51,0.16,5.19,4.25,3.7561999999999998,-0.49380000000000024
2022-12-09,4.57,4.51,0.16,5.22,4.25,3.8465000000000003,-0.40349999999999975
2022-12-12,4.44,4.51,0.16,5.26,4.25,3.7884,-0.4615999999999998
2022-12-13,4.5,4.51,0.16,5.13,4.25,3.8141,-0.4359000000000002
2022-12-14,4.58,4.51,0.16,5.11,4.25,3.8499,-0.4001000000000001
2022-12-15,4.71,4.51,0.16,5.13,4.25,3.9086,-0.34140000000000015
2022-12-16,4.64,4.51,0.16,5.12,4.25,3.8770000000000002,-0.3729999999999998
2022-12-19,4.64,4.51,0.16,5.19,4.25,3.8777,-0.3723000000000001
2022-12-20,4.55,4.51,0.16,5.21,4.25,3.8373999999999997,-0.4126000000000003
2022-12-21,4.55,4.51,0.16,5.16,4.25,3.8369,-0.4131
2022-12-22,4.55,4.51,0.16,5.19,4.25,3.8371999999999997,-0.4128000000000003
2022-12-23,4.55,4.51,0.16,5.23,4.25,3.8375999999999997,-0.4124000000000003
2022-12-26,4.55,4.51,0.16,5.23,4.25,3.8375999999999997,-0.4124000000000003
2022-12-27,4.55,4.51,0.16,5.31,4.25,3.8384,-0.41159999999999997
2022-12-28,4.56,4.51,0.16,5.31,4.25,3.8429,-0.4070999999999998
2022-12-29,4.56,4.51,0.16,5.3,4.25,3.8428,-0.4072
2022-12-30,4.56,4.51,0.16,5.33,4.25,3.8431,-0.4068999999999998
2022-12-31,4.56,4.51,0.16,5.35,4.25,3.8433,-0.40669999999999984
2023-01-01,4.56,4.61,0.16,5.35,4.54,3.8813000000000004,-0.6586999999999996
2023-01-02,4.56,4.61,0.16,5.35,4.54,3.8813000000000004,-0.6586999999999996
2023-01-03,4.57,4.61,0.16,5.33,4.54,3.8856000000000006,-0.6543999999999994
2023-01-04,4.59,4.61,0.16,5.29,4.54,3.8942000000000005,-0.6457999999999995
2023-01-05,4.51,4.61,0.16,5.36,4.54,3.8589,-0.6810999999999998
2023-01-06,4.67,4.61,0.16,5.19,4.54,3.9292000000000002,-0.6107999999999998
2023-01-09,4.69,4.61,0.16,5.13,4.54,3.9376,-0.6023999999999998
2023-01-10,4.66,4.61,0.16,5.15,4.54,3.9243,-0.6156999999999999
2023-01-11,4.66,4.61,0.16,5.11,4.54,3.9239,-0.6160999999999999
2023-01-12,4.66,4.61,0.16,5.02,4.54,3.923,-0.617
2023-01-13,4.67,4.61,0.16,5.09,4.54,3.9282000000000004,-0.6117999999999997
2023-01-16,4.67,4.61,0.16,5.11,4.54,3.9284000000000003,-0.6115999999999997
2023-01-17,4.67,4.61,0.16,5.06,4.54,3.9279000000000006,-0.6120999999999994
2023-01-18,4.53,4.61,0.16,4.95,4.54,3.8638000000000003,-0.6761999999999997
2023-01-19,4.48,4.61,0.16,4.98,4.54,3.8416000000000006,-0.6983999999999995
2023-01-20,4.6,4.61,0.16,5.03,4.54,3.8961,-0.6438999999999999
2023-01-23,4.55,4.61,0.16,5.07,4.54,3.874,-0.6659999999999999
2023-01-24,4.55,4.61,0.16,5.04,4.54,3.8737000000000004,-0.6662999999999997
2023-01-25,4.55,4.61,0.16,5.03,4.54,3.8736,-0.6663999999999999
2023-01-26,4.71,4.61,0.16,5.05,4.54,3.9458,-0.5941999999999998
2023-01-27,4.71,4.61,0.16,5.06,4.54,3.9459000000000004,-0.5940999999999996
2023-01-30,4.71,4.61,0.16,5.08,4.54,3.9461000000000004,-0.5938999999999997
2023-01-31,4.73,4.61,0.16,5.01,4.54,3.9544000000000006,-0.5855999999999995
2023-02-01,4.73,4.74,0.16,4.92,4.65,4.0029,-0.6471
2023-02-02,4.73,4.74,0.16,4.9,4.65,4.002700000000001,-0.6472999999999995
2023-02-03,4.73,4.74,0.16,5.08,4.65,4.0045,-0.6455000000000002
2023-02-06,4.73,4.74,0.16,5.23,4.65,4.006,-0.6440000000000001
2023-02-07,4.75,4.74,0.16,5.21,4.65,4.0148,-0.6352000000000002
2023-02-08,4.73,4.74,0.16,5.18,4.65,4.0055000000000005,-0.6444999999999999
2023-02-09,4.75,4.74,0.16,5.22,4.65,4.0149,-0.6351000000000004
2023-02-10,4.7,4.74,0.16,5.27,4.65,3.9929000000000006,-0.6570999999999998
2023-02-13,4.7,4.74,0.16,5.28,4.65,3.9930000000000003,-0.657
2023-02-14,4.7,4.74,0.16,5.36,4.65,3.9938000000000002,-0.6562000000000001
2023-02-15,4.79,4.74,0.16,5.36,4.65,4.0343,-0.6157000000000004
2023-02-16,4.7,4.74,0.16,5.38,4.65,3.994,-0.6560000000000001
2023-02-17,4.7,4.74,0.16,5.37,4.65,3.9939000000000004,-0.6560999999999999
2023-02-20,4.7,4.74,0.16,5.39,4.65,3.9941000000000004,-0.6558999999999999
2023-02-21,4.7,4.74,0.16,5.49,4.65,3.9951000000000003,-0.6549
2023-02-22,4.76,4.74,0.16,5.49,4.65,4.0221,-0.6279000000000003
2023-02-23,4.76,4.74,0.16,5.48,4.65,4.022,-0.6280000000000001
2023-02-24,4.76,4.74,0.16,5.58,4.65,4.023,-0.6270000000000007
2023-02-27,4.82,4.74,0.16,5.55,4.65,4.0497000000000005,-0.6002999999999998
2023-02-28,4.82,4.74,0.16,5.56,4.65,4.0498,-0.6002000000000001
2023-03-01,4.82,4.91,0.16,5.65,4.69,4.1153,-0.5747
2023-03-02,4.84,4.91,0.16,5.64,4.69,4.1242,-0.5658000000000003
2023-03-03,4.84,4.91,0.16,5.59,4.69,4.1237,-0.5663
2023-03-06,4.84,4.91,0.16,5.61,4.69,4.1239,-0.5661000000000005
2023-03-07,4.84,4.91,0.16,5.73,4.69,4.1251,-0.5649000000000006
2023-03-08,4.84,4.91,0.16,5.8,4.69,4.1258,-0.5642000000000005
2023-03-09,4.84,4.91,0.16,5.66,4.69,4.1244000000000005,-0.5655999999999999
2023-03-10,4.84,4.91,0.16,5.45,4.69,4.1223,-0.5677000000000003
2023-03-13,4.84,4.91,0.16,5.13,4.69,4.1191,-0.5709
2023-03-14,4.84,4.91,0.16,5.39,4.69,4.1217,-0.5683000000000007
2023-03-15,4.84,4.91,0.16,5.33,4.69,4.1211,-0.5689000000000002
2023-03-16,4.84,4.91,0.16,5.58,4.69,4.1236,-0.5664000000000007
2023-03-17,4.74,4.91,0.16,5.34,4.69,4.0762,-0.6138000000000003
2023-03-20,4.74,4.91,0.16,5.4,4.69,4.0768,-0.6132
2023-03-21,4.74,4.91,0.16,5.51,4.69,4.0779000000000005,-0.6120999999999999
2023-03-22,4.74,4.91,0.16,5.25,4.69,4.0753,-0.6147
2023-03-23,4.98,4.91,0.16,5.12,4.69,4.1819999999999995,-0.5080000000000009
2023-03-24,4.98,4.91,0.16,5.15,4.69,4.1823,-0.5077000000000007
2023-03-27,4.98,4.91,0.16,5.36,4.69,4.1844,-0.5056000000000003
2023-03-28,4.87,4.91,0.16,5.42,4.69,4.1354999999999995,-0.5545000000000009
2023-03-29,4.87,4.91,0.16,5.45,4.69,4.1358,-0.5542000000000007
2023-03-30,5.05,4.91,0.16,5.41,4.69,4.2164,-0.47360000000000024
2023-03-31,4.98,4.91,0.16,5.27,4.69,4.1834999999999996,-0.5065000000000008
2023-04-01,4.98,5.03,0.16,5.27,4.92,4.2291,-0.6909000000000001
2023-04-03,4.98,5.03,0.16,5.17,4.92,4.2281,-0.6918999999999995
2023-04-04,4.87,5.03,0.16,5.04,4.92,4.1773,-0.7427000000000001
2023-04-05,5.09,5.03,0.16,5.02,4.92,4.2761000000000005,-0.6438999999999995
2023-04-06,5.09,5.03,0.16,5.05,4.92,4.276400000000001,-0.6435999999999993
2023-04-07,5.09,5.03,0.16,5.05,4.92,4.276400000000001,-0.6435999999999993
2023-04-10,5.09,5.03,0.16,5.22,4.92,4.2781,-0.6418999999999997
2023-04-11,5.01,5.03,0.16,5.23,4.92,4.2422,-0.6777999999999995
2023-04-12,5.01,5.03,0.16,5.16,4.92,4.2415,-0.6784999999999997
2023-04-13,5.01,5.03,0.16,5.14,4.92,4.241300000000001,-0.6786999999999992
2023-04-14,5.01,5.03,0.16,5.23,4.92,4.2422,-0.6777999999999995
2023-04-17,5.0,5.03,0.16,5.29,4.92,4.238300000000001,-0.6816999999999993
2023-04-18,5.0,5.03,0.16,5.3,4.92,4.2384,-0.6815999999999995
2023-04-19,5.0,5.03,0.16,5.33,4.92,4.238700000000001,-0.6812999999999994
2023-04-20,5.0,5.03,0.16,5.24,4.92,4.2378,-0.6821999999999999
2023-04-21,5.02,5.03,0.16,5.26,4.92,4.247,-0.673
2023-04-24,5.02,5.03,0.16,5.22,4.92,4.2466,-0.6734
2023-04-25,5.02,5.03,0.16,5.03,4.92,4.2447,-0.6753
2023-04-26,5.08,5.03,0.16,5.11,4.92,4.2725,-0.6475
2023-04-27,5.03,5.03,0.16,5.24,4.92,4.2513000000000005,-0.6686999999999994
2023-04-28,5.1,5.03,0.16,5.18,4.92,4.2822000000000005,-0.6377999999999995
2023-04-30,5.1,5.03,0.16,5.17,4.92,4.282100000000001,-0.6378999999999992
2023-05-01,5.1,5.15,0.16,5.25,5.14,4.3285,-0.8114999999999997
2023-05-02,5.23,5.15,0.16,5.13,5.14,4.385800000000001,-0.7541999999999991
2023-05-03,5.23,5.15,0.16,5.02,5.14,4.3847000000000005,-0.7552999999999992
2023-05-04,5.15,5.15,0.16,5.01,5.14,4.3486,-0.7913999999999994
2023-05-05,5.15,5.15,0.16,5.14,5.14,4.349900000000001,-0.7900999999999989
2023-05-08,5.15,5.15,0.16,5.24,5.14,4.350900000000001,-0.7890999999999986
2023-05-09,5.15,5.15,0.16,5.26,5.14,4.351100000000001,-0.788899999999999
2023-05-10,5.15,5.15,0.16,5.13,5.14,4.349800000000001,-0.7901999999999987
2023-05-11,5.15,5.15,0.16,5.11,5.14,4.349600000000001,-0.7903999999999991
2023-05-12,5.04,5.15,0.16,5.19,5.14,4.3009,-0.8390999999999993
2023-05-15,5.15,5.15,0.16,5.2,5.14,4.3505,-0.7894999999999994
2023-05-16,5.15,5.15,0.16,5.26,5.14,4.351100000000001,-0.788899999999999
2023-05-17,5.11,5.15,0.16,5.33,5.14,4.3338,-0.8061999999999996
2023-05-18,5.11,5.15,0.16,5.42,5.14,4.3347,-0.8052999999999999
2023-05-19,5.23,5.15,0.16,5.44,5.14,4.3889000000000005,-0.7510999999999992
2023-05-22,5.23,5.15,0.16,5.46,5.14,4.3891,-0.7508999999999997
2023-05-23,5.23,5.15,0.16,5.45,5.14,4.389,-0.7509999999999994
2023-05-24,5.23,5.15,0.16,5.53,5.14,4.3898,-0.7501999999999995
2023-05-25,5.23,5.15,0.16,5.64,5.14,4.3909,-0.7490999999999994
2023-05-26,5.23,5.15,0.16,5.7,5.14,4.391500000000001,-0.748499999999999
2023-05-29,5.23,5.15,0.16,5.71,5.14,4.3916,-0.7483999999999993
2023-05-30,5.23,5.15,0.16,5.53,5.14,4.3898,-0.7501999999999995
2023-05-31,5.23,5.15,0.16,5.48,5.14,4.3893,-0.7506999999999993
2023-06-01,5.24,5.22,0.16,5.42,5.16,4.4197999999999995,-0.7402000000000006
2023-06-02,5.26,5.22,0.16,5.54,5.16,4.43,-0.7300000000000004
2023-06-05,5.26,5.22,0.16,5.53,5.16,4.4299,-0.7301000000000002
2023-06-06,5.29,5.22,0.16,5.57,5.16,4.4438,-0.7161999999999997
2023-06-07,5.17,5.22,0.16,5.61,5.16,4.3902,-0.7698
2023-06-08,5.18,5.22,0.16,5.56,5.16,4.3942000000000005,-0.7657999999999996
2023-06-09,5.17,5.22,0.16,5.65,5.16,4.3906,-0.7694000000000001
2023-06-12,5.2,5.22,0.16,5.62,5.16,4.4038,-0.7561999999999998
2023-06-13,5.2,5.22,0.16,5.71,5.16,4.404700000000001,-0.7552999999999992
2023-06-14,5.24,5.22,0.16,5.73,5.16,4.422899999999999,-0.7371000000000008
2023-06-15,5.28,5.22,0.16,5.64,5.16,4.44,-0.7199999999999998
2023-06-16,5.19,5.22,0.16,5.69,5.16,4.4,-0.7599999999999998
2023-06-19,5.19,5.22,0.16,5.7,5.16,4.400100000000001,-0.7598999999999991
2023-06-20,5.16,5.22,0.16,5.66,5.16,4.3862000000000005,-0.7737999999999996
2023-06-21,5.29,5.22,0.16,5.67,5.16,4.444800000000001,-0.7151999999999994
2023-06-22,5.17,5.22,0.16,5.73,5.16,4.3914,-0.7686000000000002
2023-06-23,5.16,5.22,0.16,5.7,5.16,4.3866000000000005,-0.7733999999999996
2023-06-26,5.22,5.22,0.16,5.67,5.16,4.4133,-0.7467000000000006
2023-06-27,5.29,5.22,0.16,5.75,5.16,4.445600000000001,-0.7143999999999995
2023-06-28,5.31,5.22,0.16,5.7,5.16,4.4541,-0.7058999999999997
2023-06-29,5.22,5.22,0.16,5.81,5.16,4.414699999999999,-0.7453000000000012
2023-06-30,5.22,5.22,0.16,5.78,5.16,4.4144,-0.7456000000000005
2023-07-01,5.22,5.35,0.16,5.78,5.25,4.4638,-0.7862
2023-07-03,5.32,5.35,0.16,5.83,5.25,4.5093,-0.7407000000000004
2023-07-04,5.32,5.35,0.16,5.84,5.25,4.509399999999999,-0.7406000000000006
2023-07-05,5.25,5.35,0.16,5.82,5.25,4.4777000000000005,-0.7722999999999995
2023-07-06,5.21,5.35,0.16,5.88,5.25,4.460299999999999,-0.7897000000000007
2023-07-07,5.29,5.35,0.16,5.84,5.25,4.4959,-0.7541000000000002
2023-07-10,5.2,5.35,0.16,5.77,5.25,4.4547,-0.7953000000000001
2023-07-11,5.25,5.35,0.16,5.77,5.25,4.4772,-0.7728000000000002
2023-07-12,5.31,5.35,0.16,5.63,5.25,4.5028,-0.7472000000000003
2023-07-13,5.22,5.35,0.16,5.5,5.25,4.460999999999999,-0.7890000000000006
2023-07-14,5.22,5.35,0.16,5.64,5.25,4.4624,-0.7876000000000003
2023-07-17,5.38,5.35,0.16,5.64,5.25,4.5344,-0.7156000000000002
2023-07-18,5.38,5.35,0.16,5.64,5.25,4.5344,-0.7156000000000002
2023-07-19,5.54,5.35,0.16,5.63,5.25,4.6063,-0.6436999999999999
2023-07-20,5.47,5.35,0.16,5.7,5.25,4.575500000000001,-0.6744999999999992
2023-07-21,5.54,5.35,0.16,5.7,5.25,4.607,-0.6429999999999998
2023-07-24,5.54,5.35,0.16,5.74,5.25,4.6074,-0.6425999999999998
2023-07-25,5.54,5.35,0.16,5.74,5.25,4.6074,-0.6425999999999998
2023-07-26,5.54,5.35,0.16,5.69,5.25,4.6068999999999996,-0.6431000000000004
2023-07-27,5.54,5.35,0.16,5.75,5.25,4.6075,-0.6425000000000001
2023-07-28,5.53,5.35,0.16,5.7,5.25,4.6025,-0.6475
2023-07-31,5.47,5.35,0.16,5.67,5.25,4.575200000000001,-0.6747999999999994
2023-08-01,5.44,5.44,0.16,5.71,5.3,4.5963,-0.7036999999999995
2023-08-02,5.44,5.44,0.16,5.72,5.3,4.5964,-0.7035999999999998
2023-08-03,5.46,5.44,0.16,5.74,5.3,4.605600000000001,-0.694399999999999
2023-08-04,5.46,5.44,0.16,5.64,5.3,4.6046000000000005,-0.6953999999999994
2023-08-07,5.52,5.44,0.16,5.63,5.3,4.6315,-0.6684999999999999
2023-08-08,5.52,5.44,0.16,5.62,5.3,4.631399999999999,-0.6686000000000005
2023-08-09,5.4,5.44,0.16,5.66,5.3,4.577800000000001,-0.7221999999999991
2023-08-10,5.42,5.44,0.16,5.71,5.3,4.5873,-0.7126999999999999
2023-08-11,5.51,5.44,0.16,5.76,5.3,4.628299999999999,-0.6717000000000004
2023-08-14,5.42,5.44,0.16,5.83,5.3,4.5885,-0.7115
2023-08-15,5.47,5.44,0.16,5.83,5.3,4.611000000000001,-0.6889999999999992
2023-08-16,5.39,5.44,0.16,5.87,5.3,4.5754,-0.7245999999999997
2023-08-17,5.39,5.44,0.16,5.85,5.3,4.575200000000001,-0.7247999999999992
2023-08-18,5.43,5.44,0.16,5.85,5.3,4.5931999999999995,-0.7068000000000003
2023-08-21,5.43,5.44,0.16,5.92,5.3,4.5939,-0.7061000000000002
2023-08-22,5.43,5.44,0.16,5.94,5.3,4.5941,-0.7058999999999997
2023-08-23,5.39,5.44,0.16,5.86,5.3,4.5753,-0.7246999999999995
2023-08-24,5.4,5.44,0.16,5.88,5.3,4.58,-0.7199999999999998
2023-08-25,5.4,5.44,0.16,5.92,5.3,4.5804,-0.7195999999999998
2023-08-28,5.4,5.44,0.16,5.91,5.3,4.5803,-0.7196999999999996
2023-08-29,5.4,5.44,0.16,5.8,5.3,4.5792,-0.7207999999999997
2023-08-30,5.51,5.44,0.16,5.79,5.3,4.6286,-0.6714000000000002
2023-08-31,5.51,5.44,0.16,5.74,5.3,4.6281,-0.6718999999999999
2023-09-01,5.44,5.49,0.16,5.78,5.32,4.6160000000000005,-0.7039999999999997
2023-09-04,5.44,5.49,0.16,5.78,5.32,4.6160000000000005,-0.7039999999999997
2023-09-05,5.46,5.49,0.16,5.84,5.32,4.6256,-0.6943999999999999
2023-09-06,5.48,5.49,0.16,5.92,5.32,4.635400000000001,-0.6845999999999997
2023-09-07,5.48,5.49,0.16,5.86,5.32,4.634800000000001,-0.6851999999999991
2023-09-08,5.48,5.49,0.16,5.87,5.32,4.634900000000001,-0.6850999999999994
2023-09-11,5.52,5.49,0.16,5.88,5.32,4.653,-0.6670000000000007
2023-09-12,5.52,5.49,0.16,5.91,5.32,4.6533,-0.6667000000000005
2023-09-13,5.52,5.49,0.16,5.88,5.32,4.653,-0.6670000000000007
2023-09-14,5.52,5.49,0.16,5.9,5.32,4.6532,-0.6668000000000003
2023-09-15,5.52,5.49,0.16,5.92,5.32,4.6533999999999995,-0.6666000000000007
2023-09-18,5.52,5.49,0.16,5.94,5.32,4.6536,-0.6664000000000003
2023-09-19,5.52,5.49,0.16,5.97,5.32,4.6539,-0.6661000000000001
2023-09-20,5.41,5.49,0.16,6.01,5.32,4.604800000000001,-0.7151999999999994
2023-09-21,5.41,5.49,0.16,6.01,5.32,4.604800000000001,-0.7151999999999994
2023-09-22,5.41,5.49,0.16,5.97,5.32,4.604400000000001,-0.7155999999999993
2023-09-25,5.41,5.49,0.16,5.99,5.32,4.6046000000000005,-0.7153999999999998
2023-09-26,5.48,5.49,0.16,6.01,5.32,4.636300000000001,-0.6836999999999991
2023-09-27,5.53,5.49,0.16,6.07,5.32,4.6594,-0.6606000000000005
2023-09-28,5.53,5.49,0.16,6.02,5.32,4.6589,-0.6611000000000002
2023-09-29,5.53,5.49,0.16,6.01,5.32,4.6588,-0.6612
2023-09-30,5.53,5.49,0.16,6.01,5.32,4.6588,-0.6612
2023-10-01,5.53,5.46,0.16,6.01,5.34,4.6474,-0.6925999999999997
2023-10-02,5.53,5.46,0.16,6.08,5.34,4.6481,-0.6918999999999995
2023-10-03,5.45,5.46,0.16,6.16,5.34,4.612900000000001,-0.7270999999999992
2023-10-04,5.45,5.46,0.16,6.08,5.34,4.612100000000001,-0.7278999999999991
2023-10-05,5.52,5.46,0.16,6.04,5.34,4.643199999999999,-0.6968000000000005
2023-10-06,5.44,5.46,0.16,6.09,5.34,4.6077,-0.7322999999999995
2023-10-09,5.44,5.46,0.16,6.1,5.34,4.6078,-0.7321999999999997
2023-10-10,5.43,5.46,0.16,5.98,5.34,4.6021,-0.7378999999999998
2023-10-11,5.47,5.46,0.16,6.0,5.34,4.6203,-0.7196999999999996
2023-10-12,5.44,5.46,0.16,6.06,5.34,4.6074,-0.7325999999999997
2023-10-13,5.44,5.46,0.16,6.04,5.34,4.6072,-0.7328000000000001
2023-10-16,5.44,5.46,0.16,6.09,5.34,4.6077,-0.7322999999999995
2023-10-17,5.44,5.46,0.16,6.21,5.34,4.6089,-0.7310999999999996
2023-10-18,5.44,5.46,0.16,6.23,5.34,4.6091,-0.7309000000000001
2023-10-19,5.44,5.46,0.16,6.2,5.34,4.6088000000000005,-0.7311999999999994
2023-10-20,5.44,5.46,0.16,6.13,5.34,4.6081,-0.7318999999999996
2023-10-23,5.44,5.46,0.16,6.12,5.34,4.6080000000000005,-0.7319999999999993
2023-10-24,5.44,5.46,0.16,6.13,5.34,4.6081,-0.7318999999999996
2023-10-25,5.5,5.46,0.16,6.18,5.34,4.6356,-0.7043999999999997
2023-10-26,5.5,5.46,0.16,6.1,5.34,4.6348,-0.7051999999999996
2023-10-27,5.49,5.46,0.16,6.07,5.34,4.630000000000001,-0.7099999999999991
2023-10-30,5.49,5.46,0.16,6.11,5.34,4.630400000000001,-0.7095999999999991
2023-10-31,5.43,5.46,0.16,6.14,5.34,4.6037,-0.7363
2023-11-01,5.43,5.41,0.16,6.04,5.27,4.583699999999999,-0.6863000000000001
2023-11-02,5.53,5.41,0.16,6.03,5.27,4.6286,-0.6414
2023-11-03,5.47,5.41,0.16,5.88,5.27,4.6001,-0.6698999999999993
2023-11-06,5.47,5.41,0.16,5.98,5.27,4.601100000000001,-0.6688999999999989
2023-11-07,5.41,5.41,0.16,5.95,5.27,4.5738,-0.6961999999999993
2023-11-08,5.41,5.41,0.16,5.97,5.27,4.574000000000001,-0.6959999999999988
2023-11-09,5.41,5.41,0.16,6.06,5.27,4.5749,-0.6950999999999992
2023-11-10,5.43,5.41,0.16,6.07,5.27,4.584,-0.6859999999999999
2023-11-13,5.46,5.41,0.16,6.04,5.27,4.5972,-0.6727999999999996
2023-11-14,5.46,5.41,0.16,5.82,5.27,4.595000000000001,-0.6749999999999989
2023-11-15,5.35,5.41,0.16,5.91,5.27,4.5464,-0.7235999999999994
2023-11-16,5.27,5.41,0.16,5.83,5.27,4.5096,-0.7603999999999997
2023-11-17,5.27,5.41,0.16,5.86,5.27,4.5099,-0.7600999999999996
2023-11-20,5.45,5.41,0.16,5.86,5.27,4.5909,-0.6790999999999991
2023-11-21,5.45,5.41,0.16,5.82,5.27,4.5905000000000005,-0.6794999999999991
2023-11-22,5.44,5.41,0.16,5.81,5.27,4.5859,-0.6840999999999999
2023-11-23,5.44,5.41,0.16,5.82,5.27,4.586,-0.6839999999999993
2023-11-24,5.44,5.41,0.16,5.86,5.27,4.5864,-0.6835999999999993
2023-11-27,5.44,5.41,0.16,5.79,5.27,4.5857,-0.6842999999999995
2023-11-28,5.39,5.41,0.16,5.7,5.27,4.5623000000000005,-0.7076999999999991
2023-11-29,5.33,5.41,0.16,5.6,5.27,4.5343,-0.7356999999999996
2023-11-30,5.39,5.41,0.16,5.64,5.27,4.5617,-0.7082999999999995
2023-12-01,5.37,5.32,0.16,5.5,5.24,4.5171,-0.7229000000000001
2023-12-04,5.34,5.32,0.16,5.57,5.24,4.5043,-0.7357000000000005
2023-12-05,5.33,5.32,0.16,5.52,5.24,4.499300000000001,-0.7406999999999995
2023-12-06,5.31,5.32,0.16,5.53,5.24,4.4904,-0.7496
2023-12-07,5.29,5.32,0.16,5.51,5.24,4.481200000000001,-0.758799999999999
2023-12-08,5.32,5.32,0.16,5.63,5.24,4.495900000000001,-0.7440999999999995
2023-12-11,5.35,5.32,0.16,5.64,5.24,4.5095,-0.7305000000000001
2023-12-12,5.35,5.32,0.16,5.63,5.24,4.5094,-0.7305999999999999
2023-12-13,5.27,5.32,0.16,5.36,5.24,4.470700000000001,-0.7692999999999994
2023-12-14,5.27,5.32,0.16,5.25,5.24,4.469600000000001,-0.7703999999999995
2023-12-15,5.27,5.32,0.16,5.31,5.24,4.4702,-0.7698
2023-12-18,5.27,5.32,0.16,5.33,5.24,4.470400000000001,-0.7695999999999996
2023-12-19,5.27,5.32,0.16,5.31,5.24,4.4702,-0.7698
2023-12-20,5.27,5.32,0.16,5.25,5.24,4.469600000000001,-0.7703999999999995
2023-12-21,5.27,5.32,0.16,5.23,5.24,4.4694,-0.7706
2023-12-22,5.27,5.32,0.16,5.22,5.24,4.4693000000000005,-0.7706999999999997
2023-12-25,5.27,5.32,0.16,5.22,5.24,4.4693000000000005,-0.7706999999999997
2023-12-26,5.27,5.32,0.16,5.24,5.24,4.4695,-0.7705000000000002
2023-12-27,5.27,5.32,0.16,5.17,5.24,4.468800000000001,-0.7711999999999994
2023-12-28,5.27,5.32,0.16,5.19,5.24,4.469,-0.7709999999999999
2023-12-29,5.27,5.32,0.16,5.17,5.24,4.468800000000001,-0.7711999999999994
2023-12-31,5.27,5.32,0.16,5.15,5.24,4.4686,-0.7713999999999999
2024-01-01,5.27,5.32,0.16,5.15,5.22,4.4686,-0.7513999999999994
2024-01-02,5.32,5.32,0.16,5.23,5.22,4.4919,-0.7280999999999995
2024-01-03,5.2,5.32,0.16,5.25,5.22,4.438100000000001,-0.7818999999999985
2024-01-04,5.2,5.32,0.16,5.3,5.22,4.438600000000001,-0.7813999999999988
2024-01-05,5.14,5.32,0.16,5.31,5.22,4.4117,-0.8083
2024-01-08,5.23,5.32,0.16,5.28,5.22,4.451900000000001,-0.7680999999999987
2024-01-09,5.39,5.32,0.16,5.26,5.22,4.523700000000001,-0.696299999999999
2024-01-10,5.34,5.32,0.16,5.25,5.22,4.5011,-0.7188999999999997
2024-01-11,5.34,5.32,0.16,5.14,5.22,4.5,-0.7199999999999998
2024-01-12,5.34,5.32,0.16,5.04,5.22,4.499,-0.7210000000000001
2024-01-15,5.34,5.32,0.16,5.03,5.22,4.4989,-0.7210999999999999
2024-01-16,5.27,5.32,0.16,5.11,5.22,4.4682,-0.7517999999999994
2024-01-17,5.27,5.32,0.16,5.22,5.22,4.4693000000000005,-0.7506999999999993
2024-01-18,5.22,5.32,0.16,5.21,5.22,4.4467,-0.7732999999999999
2024-01-19,5.22,5.32,0.16,5.25,5.22,4.4471,-0.7728999999999999
2024-01-22,5.22,5.32,0.16,5.24,5.22,4.446999999999999,-0.7730000000000006
2024-01-23,5.23,5.32,0.16,5.23,5.22,4.4514000000000005,-0.7685999999999993
2024-01-24,5.23,5.32,0.16,5.25,5.22,4.451600000000001,-0.7683999999999989
2024-01-25,5.23,5.32,0.16,5.17,5.22,4.450800000000001,-0.7691999999999988
2024-01-26,5.23,5.32,0.16,5.2,5.22,4.4511,-0.7688999999999995
2024-01-29,5.25,5.32,0.16,5.15,5.22,4.4596,-0.7603999999999997
2024-01-30,5.25,5.32,0.16,5.2,5.22,4.4601,-0.7599
2024-01-31,5.24,5.32,0.16,5.08,5.22,4.4544,-0.7656000000000001
2024-02-01,5.24,5.32,0.16,5.06,5.24,4.4542,-0.7858
2024-02-02,5.24,5.32,0.16,5.21,5.24,4.4557,-0.7843
2024-02-05,5.24,5.32,0.16,5.3,5.24,4.4566,-0.7834000000000003
2024-02-06,5.24,5.32,0.16,5.22,5.24,4.4558,-0.7842000000000002
2024-02-07,5.24,5.32,0.16,5.24,5.24,4.4559999999999995,-0.7840000000000007
2024-02-08,5.24,5.32,0.16,5.26,5.24,4.4562,-0.7838000000000003
2024-02-09,5.24,5.32,0.16,5.28,5.24,4.4564,-0.7835999999999999
2024-02-12,5.24,5.32,0.16,5.27,5.24,4.4563,-0.7837000000000005
2024-02-13,5.24,5.32,0.16,5.43,5.24,4.4578999999999995,-0.7821000000000007
2024-02-14,5.24,5.32,0.16,5.35,5.24,4.4571,-0.7829000000000006
2024-02-15,5.24,5.32,0.16,5.32,5.24,4.4568,-0.7831999999999999
2024-02-16,5.24,5.32,0.16,5.39,5.24,4.4575,-0.7825000000000006
2024-02-19,5.24,5.32,0.16,5.39,5.24,4.4575,-0.7825000000000006
2024-02-20,5.24,5.32,0.16,5.34,5.24,4.457,-0.7830000000000004
2024-02-21,5.24,5.32,0.16,5.39,5.24,4.4575,-0.7825000000000006
2024-02-22,5.24,5.32,0.16,5.4,5.24,4.4576,-0.7824
2024-02-23,5.24,5.32,0.16,5.4,5.24,4.4576,-0.7824
2024-02-26,5.24,5.32,0.16,5.44,5.24,4.458,-0.782
2024-02-27,5.24,5.32,0.16,5.45,5.24,4.4581,-0.7819000000000003
2024-02-28,5.24,5.32,0.16,5.42,5.24,4.4578,-0.7822000000000005
2024-02-29,5.22,5.32,0.16,5.41,5.24,4.4487,-0.7913000000000006
2024-03-01,5.22,5.32,0.16,5.34,5.24,4.4479999999999995,-0.7920000000000007
2024-03-04,5.22,5.32,0.16,5.38,5.24,4.4483999999999995,-0.7916000000000007
2024-03-05,5.22,5.32,0.16,5.34,5.24,4.4479999999999995,-0.7920000000000007
2024-03-06,5.22,5.32,0.16,5.34,5.24,4.4479999999999995,-0.7920000000000007
2024-03-07,5.24,5.32,0.16,5.29,5.24,4.4565,-0.7835000000000001
2024-03-08,5.32,5.32,0.16,5.25,5.24,4.492100000000001,-0.7478999999999996
2024-03-11,5.32,5.32,0.16,5.3,5.24,4.4926,-0.7473999999999998
2024-03-12,5.32,5.32,0.16,5.34,5.24,4.493,-0.7469999999999999
2024-03-13,5.28,5.32,0.16,5.36,5.24,4.475200000000001,-0.7647999999999993
2024-03-14,5.28,5.32,0.16,5.41,5.24,4.475700000000001,-0.7642999999999995
2024-03-15,5.31,5.32,0.16,5.44,5.24,4.4895000000000005,-0.7504999999999997
2024-03-18,5.29,5.32,0.16,5.43,5.24,4.4804,-0.7595999999999998
2024-03-19,5.26,5.32,0.16,5.39,5.24,4.4665,-0.7735000000000003
2024-03-20,5.31,5.32,0.16,5.33,5.24,4.4884,-0.7515999999999998
2024-03-21,5.32,5.32,0.16,5.33,5.24,4.492900000000001,-0.7470999999999997
2024-03-22,5.32,5.32,0.16,5.29,5.24,4.492500000000001,-0.7474999999999996
2024-03-25,5.32,5.32,0.16,5.33,5.24,4.492900000000001,-0.7470999999999997
2024-03-26,5.24,5.32,0.16,5.33,5.24,4.4569,-0.7831000000000001
2024-03-27,5.2,5.32,0.16,5.31,5.24,4.438700000000001,-0.8012999999999995
2024-03-28,5.34,5.32,0.16,5.36,5.24,4.5022,-0.7378
2024-03-29,5.34,5.32,0.16,5.36,5.24,4.5022,-0.7378
2024-03-31,5.34,5.32,0.16,5.36,5.24,4.5022,-0.7378
2024-04-01,5.34,5.32,0.16,5.42,5.24,4.5028,-0.7372000000000005
2024-04-02,5.27,5.32,0.16,5.4,5.24,4.471100000000001,-0.7688999999999995
2024-04-03,5.3,5.32,0.16,5.37,5.24,4.4843,-0.7557
2024-04-04,5.3,5.32,0.16,5.33,5.24,4.4839,-0.7561
2024-04-05,5.3,5.32,0.16,5.43,5.24,4.4849,-0.7551000000000005
2024-04-08,5.3,5.32,0.16,5.47,5.24,4.4853000000000005,-0.7546999999999997
2024-04-09,5.34,5.32,0.16,5.42,5.24,4.5028,-0.7372000000000005
2024-04-10,5.34,5.32,0.16,5.62,5.24,4.5047999999999995,-0.7352000000000007
2024-04-11,5.34,5.32,0.16,5.6,5.24,4.5046,-0.7354000000000003
2024-04-12,5.34,5.32,0.16,5.57,5.24,4.5043,-0.7357000000000005
2024-04-15,5.34,5.32,0.16,5.61,5.24,4.5047,-0.7353000000000005
2024-04-16,5.34,5.32,0.16,5.67,5.24,4.5053,-0.7347000000000001
2024-04-17,5.34,5.32,0.16,5.63,5.24,4.5049,-0.7351000000000001
2024-04-18,5.34,5.32,0.16,5.67,5.24,4.5053,-0.7347000000000001
2024-04-19,5.34,5.32,0.16,5.66,5.24,4.5052,-0.7347999999999999
2024-04-22,5.34,5.32,0.16,5.65,5.24,4.5051,-0.7349000000000006
2024-04-23,5.34,5.32,0.16,5.59,5.24,4.5045,-0.7355
2024-04-24,5.37,5.32,0.16,5.61,5.24,4.5182,-0.7218
2024-04-25,5.37,5.32,0.16,5.66,5.24,4.518700000000001,-0.7212999999999994
2024-04-26,5.37,5.32,0.16,5.65,5.24,4.5186,-0.7214
2024-04-29,5.33,5.32,0.16,5.63,5.24,4.500400000000001,-0.7395999999999994
2024-04-30,5.34,5.32,0.16,5.68,5.24,4.5054,-0.7346000000000004
2024-05-01,5.34,5.32,0.16,5.61,5.25,4.5047,-0.7453000000000003
2024-05-02,5.37,5.32,0.16,5.53,5.25,4.5174,-0.7325999999999997
2024-05-03,5.37,5.32,0.16,5.45,5.25,4.5166,-0.7333999999999996
2024-05-06,5.37,5.32,0.16,5.46,5.25,4.5167,-0.7332999999999998
2024-05-07,5.34,5.32,0.16,5.45,5.25,4.5031,-0.7469000000000001
2024-05-08,5.33,5.32,0.16,5.47,5.25,4.498800000000001,-0.751199999999999
2024-05-09,5.3,5.32,0.16,5.45,5.25,4.4851,-0.7648999999999999
2024-05-10,5.3,5.32,0.16,5.49,5.25,4.4855,-0.7645
2024-05-13,5.3,5.32,0.16,5.5,5.25,4.4856,-0.7644000000000002
2024-05-14,5.3,5.32,0.16,5.46,5.25,4.4852,-0.7648000000000001
2024-05-15,5.29,5.32,0.16,5.38,5.25,4.479900000000001,-0.7700999999999993
2024-05-16,5.29,5.32,0.16,5.43,5.25,4.4804,-0.7695999999999996
2024-05-17,5.29,5.32,0.16,5.45,5.25,4.480600000000001,-0.7693999999999992
2024-05-20,5.26,5.32,0.16,5.47,5.25,4.467300000000001,-0.7826999999999993
2024-05-21,5.26,5.32,0.16,5.45,5.25,4.4671,-0.7828999999999997
2024-05-22,5.34,5.32,0.16,5.49,5.25,4.5035,-0.7465000000000002
2024-05-23,5.3,5.32,0.16,5.54,5.25,4.486,-0.7640000000000002
2024-05-24,5.29,5.32,0.16,5.54,5.25,4.4815000000000005,-0.7684999999999995
2024-05-27,5.29,5.32,0.16,5.55,5.25,4.481600000000001,-0.7683999999999989
2024-05-28,5.33,5.32,0.16,5.58,5.25,4.4999,-0.7500999999999998
2024-05-29,5.36,5.32,0.16,5.6,5.25,4.5136,-0.7363999999999997
2024-05-30,5.36,5.32,0.16,5.55,5.25,4.5131000000000006,-0.7368999999999994
2024-05-31,5.33,5.32,0.16,5.48,5.25,4.498900000000001,-0.7510999999999992
2024-06-01,5.33,5.32,0.16,5.48,5.24,4.498900000000001,-0.7410999999999994
2024-06-03,5.33,5.32,0.16,5.43,5.24,4.4984,-0.7416
2024-06-04,5.37,5.32,0.16,5.39,5.24,4.516,-0.7240000000000002
2024-06-05,5.37,5.32,0.16,5.35,5.24,4.5156,-0.7244000000000002
2024-06-06,5.27,5.32,0.16,5.37,5.24,4.4708000000000006,-0.7691999999999997
2024-06-07,5.28,5.32,0.16,5.5,5.24,4.4766,-0.7633999999999999
2024-06-10,5.31,5.32,0.16,5.51,5.24,4.490200000000001,-0.7497999999999996
2024-06-11,5.3,5.32,0.16,5.46,5.24,4.4852,-0.7548000000000004
2024-06-12,5.3,5.32,0.16,5.4,5.24,4.4846,-0.7553999999999998
2024-06-13,5.29,5.32,0.16,5.34,5.24,4.479500000000001,-0.7604999999999995
2024-06-14,5.27,5.32,0.16,5.35,5.24,4.4706,-0.7694000000000001
2024-06-17,5.22,5.32,0.16,5.44,5.24,4.449,-0.7910000000000004
2024-06-18,5.23,5.32,0.16,5.38,5.24,4.4529000000000005,-0.7870999999999997
2024-06-19,5.23,5.32,0.16,5.38,5.24,4.4529000000000005,-0.7870999999999997
2024-06-20,5.23,5.32,0.16,5.41,5.24,4.453200000000001,-0.7867999999999995
2024-06-21,5.23,5.32,0.16,5.41,5.24,4.453200000000001,-0.7867999999999995
2024-06-24,5.23,5.32,0.16,5.41,5.24,4.453200000000001,-0.7867999999999995
2024-06-25,5.27,5.32,0.16,5.42,5.24,4.4713,-0.7686999999999999
2024-06-26,5.26,5.32,0.16,5.47,5.24,4.467300000000001,-0.7726999999999995
2024-06-27,5.26,5.32,0.16,5.44,5.24,4.4670000000000005,-0.7729999999999997
2024-06-28,5.26,5.32,0.16,5.44,5.24,4.4670000000000005,-0.7729999999999997
2024-06-30,5.26,5.32,0.16,5.44,5.24,4.4670000000000005,-0.7729999999999997
2024-07-01,5.35,5.32,0.16,5.46,5.2,4.5077,-0.6923000000000004
2024-07-02,5.29,5.32,0.16,5.43,5.2,4.4804,-0.7195999999999998
2024-07-03,5.29,5.32,0.16,5.37,5.2,4.479800000000001,-0.7201999999999993
2024-07-04,5.29,5.32,0.16,5.36,5.2,4.479700000000001,-0.720299999999999
2024-07-05,5.29,5.32,0.16,5.28,5.2,4.478900000000001,-0.721099999999999
2024-07-08,5.29,5.32,0.16,5.3,5.2,4.479100000000001,-0.7208999999999994
2024-07-09,5.27,5.32,0.16,5.3,5.2,4.4701,-0.7298999999999998
2024-07-10,5.35,5.32,0.16,5.3,5.2,4.5061,-0.6939000000000002
2024-07-11,5.25,5.32,0.16,5.19,5.2,4.46,-0.7400000000000002
2024-07-12,5.35,5.32,0.16,5.13,5.2,4.5044,-0.6955999999999998
2024-07-15,5.35,5.32,0.16,5.13,5.2,4.5044,-0.6955999999999998
2024-07-16,5.35,5.32,0.16,5.11,5.2,4.5042,-0.6958000000000002
2024-07-17,5.35,5.32,0.16,5.12,5.2,4.5043,-0.6957000000000004
2024-07-18,5.35,5.32,0.16,5.16,5.2,4.5047,-0.6953000000000005
2024-07-19,5.35,5.32,0.16,5.19,5.2,4.505,-0.6950000000000003
2024-07-22,5.29,5.32,0.16,5.2,5.2,4.4781,-0.7218999999999998
2024-07-23,5.29,5.32,0.16,5.17,5.2,4.477800000000001,-0.7221999999999991
2024-07-24,5.29,5.32,0.16,5.16,5.2,4.4777000000000005,-0.7222999999999997
2024-07-25,5.32,5.32,0.16,5.17,5.2,4.491300000000001,-0.7086999999999994
2024-07-26,5.32,5.32,0.16,5.11,5.2,4.4907,-0.7092999999999998
2024-07-29,5.32,5.32,0.16,5.11,5.2,4.4907,-0.7092999999999998
2024-07-30,5.32,5.32,0.16,5.09,5.2,4.490500000000001,-0.7094999999999994
2024-07-31,5.3,5.32,0.16,4.99,5.2,4.4805,-0.7195
2024-08-01,5.19,5.32,0.16,4.92,5.05,4.430300000000001,-0.619699999999999
2024-08-02,5.19,5.32,0.16,4.7,5.05,4.428100000000001,-0.6218999999999992
2024-08-05,5.19,5.32,0.16,4.78,5.05,4.4289000000000005,-0.6210999999999993
2024-08-06,5.19,5.32,0.16,4.85,5.05,4.429600000000001,-0.6203999999999992
2024-08-07,5.19,5.32,0.16,4.84,5.05,4.429500000000001,-0.6204999999999989
2024-08-08,5.16,5.32,0.16,4.88,5.05,4.4164,-0.6335999999999995
2024-08-09,5.11,5.32,0.16,4.88,5.05,4.3939,-0.6560999999999995
2024-08-12,5.11,5.32,0.16,4.85,5.05,4.3936,-0.6563999999999997
2024-08-13,5.11,5.32,0.16,4.77,5.05,4.3928,-0.6571999999999996
2024-08-14,5.11,5.32,0.16,4.77,5.05,4.3928,-0.6571999999999996
2024-08-15,5.15,5.32,0.16,4.87,5.05,4.4118,-0.6381999999999994
2024-08-16,5.15,5.32,0.16,4.83,5.05,4.4114,-0.6385999999999994
2024-08-19,5.13,5.32,0.16,4.83,5.05,4.4024,-0.6475999999999997
2024-08-20,5.13,5.32,0.16,4.77,5.05,4.4018,-0.6482000000000001
2024-08-21,5.06,5.32,0.16,4.71,5.05,4.369700000000001,-0.680299999999999
2024-08-22,5.06,5.32,0.16,4.78,5.05,4.3704,-0.6795999999999998
2024-08-23,5.06,5.32,0.16,4.68,5.05,4.369400000000001,-0.6805999999999992
2024-08-26,5.06,5.32,0.16,4.7,5.05,4.3696,-0.6803999999999997
2024-08-27,5.06,5.32,0.16,4.67,5.05,4.369300000000001,-0.680699999999999
2024-08-28,5.06,5.32,0.16,4.67,5.05,4.369300000000001,-0.680699999999999
2024-08-29,5.04,5.32,0.16,4.69,5.05,4.3605,-0.6894999999999998
2024-08-30,5.04,5.32,0.16,4.7,5.05,4.3606,-0.6894
2024-08-31,5.04,5.32,0.16,4.69,5.05,4.3605,-0.6894999999999998
2024-09-01,5.04,5.32,0.16,4.69,4.72,4.3605,-0.3594999999999997
2024-09-02,5.04,5.32,0.16,4.68,4.72,4.3604,-0.3595999999999995
2024-09-03,5.02,5.32,0.16,4.65,4.72,4.3511,-0.3689
2024-09-04,5.02,5.32,0.16,4.56,4.72,4.3502,-0.3697999999999997
2024-09-05,5.02,5.32,0.16,4.54,4.72,4.35,-0.3700000000000001
2024-09-06,5.02,5.32,0.16,4.46,4.72,4.3492,-0.3708
2024-09-09,4.99,5.32,0.16,4.47,4.72,4.335800000000001,-0.384199999999999
2024-09-10,4.99,5.32,0.16,4.41,4.72,4.335200000000001,-0.3847999999999985
2024-09-11,4.99,5.32,0.16,4.45,4.72,4.335600000000001,-0.3843999999999985
2024-09-12,5.03,5.32,0.16,4.45,4.72,4.3536,-0.3663999999999996
2024-09-13,5.03,5.32,0.16,4.39,4.72,4.353,-0.367
2024-09-16,5.03,5.32,0.16,4.35,4.72,4.3526,-0.36739999999999995
2024-09-17,5.03,5.32,0.16,4.38,4.72,4.3529,-0.36709999999999976
2024-09-18,5.03,5.32,0.16,4.4,4.72,4.3530999999999995,-0.3669000000000002
2024-09-19,4.62,5.32,0.16,4.35,4.72,4.1681,-0.5518999999999998
2024-09-20,4.64,5.32,0.16,4.32,4.72,4.1768,-0.5431999999999997
2024-09-23,4.64,5.32,0.16,4.32,4.72,4.1768,-0.5431999999999997
2024-09-24,4.64,5.32,0.16,4.28,4.72,4.1764,-0.5435999999999996
2024-09-25,4.64,5.32,0.16,4.32,4.72,4.1768,-0.5431999999999997
2024-09-26,4.64,5.32,0.16,4.37,4.72,4.177300000000001,-0.5426999999999991
2024-09-27,4.64,5.32,0.16,4.31,4.72,4.1767,-0.5432999999999995
2024-09-30,4.64,5.32,0.16,4.38,4.72,4.1774000000000004,-0.5425999999999993
2024-10-01,4.64,5.32,0.16,4.34,4.51,4.1770000000000005,-0.3329999999999993
2024-10-02,4.58,5.32,0.16,4.36,4.51,4.1502,-0.3597999999999999
2024-10-03,4.58,5.32,0.16,4.42,4.51,4.1508,-0.3591999999999995
2024-10-04,4.58,5.32,0.16,4.59,4.51,4.1525,-0.35749999999999993
2024-10-07,4.58,5.32,0.16,4.64,4.51,4.1530000000000005,-0.3569999999999993
2024-10-08,4.57,5.32,0.16,4.62,4.51,4.148300000000001,-0.361699999999999
2024-10-09,4.57,5.32,0.16,4.66,4.51,4.148700000000001,-0.36129999999999907
2024-10-10,4.54,5.32,0.16,4.61,4.51,4.1347000000000005,-0.3752999999999993
2024-10-11,4.66,5.32,0.16,4.58,4.51,4.188400000000001,-0.3215999999999992
2024-10-14,4.66,5.32,0.16,4.58,4.51,4.188400000000001,-0.3215999999999992
2024-10-15,4.66,5.32,0.16,4.58,4.51,4.188400000000001,-0.3215999999999992
2024-10-16,4.58,5.32,0.16,4.56,4.51,4.152200000000001,-0.35779999999999923
2024-10-17,4.58,5.32,0.16,4.6,4.51,4.1526000000000005,-0.3573999999999993
2024-10-18,4.58,5.32,0.16,4.58,4.51,4.1524,-0.3575999999999997
2024-10-21,4.58,5.32,0.16,4.66,4.51,4.1532,-0.3567999999999998
2024-10-22,4.6,5.32,0.16,4.68,4.51,4.1624,-0.3475999999999999
2024-10-23,4.68,5.32,0.16,4.72,4.51,4.1988,-0.3111999999999995
2024-10-24,4.66,5.32,0.16,4.71,4.51,4.189700000000001,-0.3202999999999987
2024-10-25,4.65,5.32,0.16,4.74,4.51,4.1855,-0.32449999999999957
2024-10-28,4.65,5.32,0.16,4.76,4.51,4.185700000000001,-0.32429999999999914
2024-10-29,4.65,5.32,0.16,4.74,4.51,4.1855,-0.32449999999999957
2024-10-30,4.65,5.32,0.16,4.79,4.51,4.186000000000001,-0.32399999999999896
2024-10-31,4.67,5.32,0.16,4.8,4.51,4.195100000000001,-0.31489999999999885
2024-11-01,4.67,5.32,0.16,4.85,4.42,4.195600000000001,-0.22439999999999927
2024-11-04,4.65,5.32,0.16,4.8,4.42,4.186100000000001,-0.23389999999999933
2024-11-05,4.46,5.32,0.16,4.82,4.42,4.1008000000000004,-0.3191999999999995
2024-11-06,4.46,5.32,0.16,4.86,4.42,4.101200000000001,-0.31879999999999864
2024-11-07,4.46,5.32,0.16,4.76,4.42,4.100200000000001,-0.319799999999999
2024-11-08,4.46,5.32,0.16,4.8,4.42,4.100600000000001,-0.319399999999999
2024-11-11,4.46,5.32,0.16,4.8,4.42,4.100600000000001,-0.319399999999999
2024-11-12,4.48,5.32,0.16,4.87,4.42,4.110300000000001,-0.30969999999999853
2024-11-13,4.48,5.32,0.16,4.82,4.42,4.109800000000001,-0.31019999999999914
2024-11-14,4.45,5.32,0.16,4.89,4.42,4.097,-0.3229999999999995
2024-11-15,4.47,5.32,0.16,4.86,4.42,4.105700000000001,-0.31429999999999936
2024-11-18,4.47,5.32,0.16,4.83,4.42,4.1054,-0.31459999999999955
2024-11-19,4.47,5.32,0.16,4.82,4.42,4.1053,-0.3147000000000002
2024-11-20,4.47,5.32,0.16,4.86,4.42,4.105700000000001,-0.31429999999999936
2024-11-21,4.56,5.32,0.16,4.89,4.42,4.1465000000000005,-0.2734999999999994
2024-11-22,4.56,5.32,0.16,4.91,4.42,4.146700000000001,-0.273299999999999
2024-11-25,4.46,5.32,0.16,4.8,4.42,4.100600000000001,-0.319399999999999
2024-11-26,4.55,5.32,0.16,4.82,4.42,4.1413,-0.2786999999999997
2024-11-27,4.58,5.32,0.16,4.8,4.42,4.1546,-0.26539999999999964
2024-11-28,4.58,5.32,0.16,4.8,4.42,4.1546,-0.26539999999999964
2024-11-29,4.58,5.32,0.16,4.75,4.42,4.154100000000001,-0.26589999999999936
2024-11-30,4.58,5.32,0.16,4.76,4.42,4.1542,-0.2657999999999996
2024-12-01,4.58,5.32,0.16,4.76,4.27,4.1542,-0.11579999999999924
2024-12-02,4.58,5.32,0.16,4.77,4.27,4.1543,-0.11569999999999947
2024-12-03,4.58,5.32,0.16,4.76,4.27,4.1542,-0.11579999999999924
2024-12-04,4.53,5.32,0.16,4.71,4.27,4.131200000000001,-0.13879999999999892
2024-12-05,4.51,5.32,0.16,4.72,4.27,4.1223,-0.1476999999999995
2024-12-06,4.47,5.32,0.16,4.68,4.27,4.1039,-0.16609999999999925
2024-12-09,4.49,5.32,0.16,4.7,4.27,4.1131,-0.15689999999999937
2024-12-10,4.5,5.32,0.16,4.71,4.27,4.1177,-0.15229999999999944
2024-12-11,4.43,5.32,0.16,4.72,4.27,4.0863000000000005,-0.1836999999999991
2024-12-12,4.43,5.32,0.16,4.75,4.27,4.086600000000001,-0.1833999999999989
2024-12-13,4.5,5.32,0.16,4.8,4.27,4.1186,-0.15139999999999976
2024-12-16,4.48,5.32,0.16,4.79,4.27,4.1095000000000015,-0.1604999999999981
2024-12-17,4.47,5.32,0.16,4.79,4.27,4.105,-0.16499999999999915
2024-12-18,4.47,5.32,0.16,4.9,4.27,4.1061000000000005,-0.16389999999999905
2024-12-19,4.39,5.32,0.16,4.9,4.27,4.0701,-0.19989999999999952
2024-12-20,4.39,5.32,0.16,4.89,4.27,4.069999999999999,-0.20000000000000018
2024-12-23,4.37,5.32,0.16,4.91,4.27,4.0612,-0.2087999999999992
2024-12-24,4.37,5.32,0.16,4.91,4.27,4.0612,-0.2087999999999992
2024-12-25,4.37,5.32,0.16,4.91,4.27,4.0612,-0.2087999999999992
2024-12-26,4.37,5.32,0.16,4.9,4.27,4.061100000000001,-0.20889999999999898
2024-12-27,4.37,5.32,0.16,4.9,4.27,4.061100000000001,-0.20889999999999898
2024-12-30,4.37,5.32,0.16,4.83,4.27,4.0604000000000005,-0.20959999999999912
2024-12-31,4.37,5.32,0.16,4.85,4.27,4.0606,-0.2093999999999996
2025-01-01,4.37,5.32,0.16,4.85,4.21,4.0606,-0.14939999999999998
2025-01-02,4.4,5.32,0.16,4.85,4.21,4.0741000000000005,-0.13589999999999947
2025-01-03,4.38,5.32,0.16,4.87,4.21,4.065300000000001,-0.14469999999999938
2025-01-06,4.35,5.32,0.16,4.86,4.21,4.0517,-0.15829999999999966
2025-01-07,4.32,5.32,0.16,4.89,4.21,4.0385,-0.17149999999999999
2025-01-08,4.32,5.32,0.16,4.87,4.21,4.0383000000000004,-0.17169999999999952
2025-01-09,4.32,5.32,0.16,4.86,4.21,4.038200000000001,-0.1717999999999993
2025-01-10,4.27,5.32,0.16,4.97,4.21,4.0168,-0.19320000000000004
2025-01-13,4.27,5.32,0.16,4.98,4.21,4.016900000000001,-0.19309999999999938
2025-01-14,4.27,5.32,0.16,4.96,4.21,4.0167,-0.1932999999999998
2025-01-15,4.27,5.32,0.16,4.85,4.21,4.0156,-0.1943999999999999
2025-01-16,4.33,5.32,0.16,4.83,4.21,4.042400000000001,-0.1675999999999993
2025-01-17,4.33,5.32,0.16,4.86,4.21,4.042700000000001,-0.16729999999999912
2025-01-20,4.33,5.32,0.16,4.85,4.21,4.0426,-0.16739999999999977
2025-01-21,4.31,5.32,0.16,4.84,4.21,4.0335,-0.17649999999999988
2025-01-22,4.33,5.32,0.16,4.86,4.21,4.042700000000001,-0.16729999999999912
2025-01-23,4.29,5.32,0.16,4.85,4.21,4.0246,-0.18539999999999957
2025-01-24,4.29,5.32,0.16,4.82,4.21,4.0243,-0.18569999999999975
2025-01-27,4.29,5.32,0.16,4.76,4.21,4.023700000000001,-0.18629999999999924
2025-01-28,4.29,5.32,0.16,4.76,4.21,4.023700000000001,-0.18629999999999924
2025-01-29,4.27,5.32,0.16,4.79,4.21,4.015000000000001,-0.1949999999999994
2025-01-30,4.38,5.32,0.16,4.76,4.21,4.0642000000000005,-0.14579999999999949
2025-01-31,4.38,5.32,0.16,4.79,4.21,4.064500000000001,-0.1454999999999993
2025-02-01,4.38,5.32,0.16,4.79,4.22,4.064500000000001,-0.15549999999999908
2025-02-03,4.35,5.32,0.16,4.83,4.22,4.0514,-0.16859999999999964
2025-02-04,4.35,5.32,0.16,4.79,4.22,4.051,-0.1689999999999996
2025-02-05,4.26,5.32,0.16,4.76,4.22,4.0102,-0.20979999999999954
2025-02-06,4.26,5.32,0.16,4.78,4.22,4.0104,-0.2096
2025-02-07,4.38,5.32,0.16,4.85,4.22,4.0651,-0.1548999999999996
2025-02-10,4.38,5.32,0.16,4.83,4.22,4.064900000000001,-0.15509999999999913
2025-02-11,4.28,5.32,0.16,4.84,4.22,4.0200000000000005,-0.1999999999999993
2025-02-12,4.38,5.32,0.16,4.89,4.22,4.0655,-0.15449999999999964
2025-02-13,4.38,5.32,0.16,4.84,4.22,4.065,-0.15499999999999936
2025-02-14,4.39,5.32,0.16,4.79,4.22,4.069,-0.1509999999999998
2025-02-17,4.39,5.32,0.16,4.78,4.22,4.068899999999999,-0.15110000000000046
2025-02-18,4.39,5.32,0.16,4.81,4.22,4.0691999999999995,-0.15080000000000027
2025-02-19,4.31,5.32,0.16,4.78,4.22,4.0329,-0.18710000000000004
2025-02-20,4.33,5.32,0.16,4.78,4.22,4.0419,-0.1780999999999997
2025-02-21,4.33,5.32,0.16,4.72,4.22,4.041300000000001,-0.1786999999999992
2025-02-24,4.33,5.32,0.16,4.71,4.22,4.041200000000001,-0.17879999999999896
2025-02-25,4.33,5.32,0.16,4.66,4.22,4.0407,-0.17929999999999957
2025-02-26,4.32,5.32,0.16,4.64,4.22,4.0360000000000005,-0.18399999999999928
2025-02-27,4.3,5.32,0.16,4.64,4.22,4.027,-0.19299999999999962
2025-02-28,4.39,5.32,0.16,4.61,4.22,4.0672,-0.15280000000000005
2025-03-01,4.39,5.32,0.16,4.61,4.2,4.0672,-0.13280000000000047
2025-03-03,4.39,5.32,0.16,4.59,4.2,4.066999999999999,-0.1330000000000009
2025-03-04,4.3,5.32,0.16,4.58,4.2,4.026400000000001,-0.17359999999999953
2025-03-05,4.29,5.32,0.16,4.63,4.2,4.0224,-0.17759999999999998
2025-03-06,4.27,5.32,0.16,4.61,4.2,4.0132,-0.18679999999999986
2025-03-07,4.27,5.32,0.16,4.65,4.2,4.0136,-0.1863999999999999
2025-03-10,4.27,5.32,0.16,4.58,4.2,4.0129,-0.18710000000000004
2025-03-11,4.27,5.32,0.16,4.65,4.2,4.0136,-0.1863999999999999
2025-03-12,4.27,5.32,0.16,4.7,4.2,4.0141,-0.18590000000000018
2025-03-13,4.28,5.32,0.16,4.69,4.2,4.0185,-0.18149999999999977
2025-03-14,4.33,5.32,0.16,4.73,4.2,4.0414,-0.15859999999999985
2025-03-17,4.27,5.32,0.16,4.74,4.2,4.0145,-0.18550000000000022
2025-03-18,4.27,5.32,0.16,4.72,4.2,4.0143,-0.18569999999999975
2025-03-19,4.27,5.32,0.16,4.65,4.2,4.0136,-0.1863999999999999
2025-03-20,4.27,5.32,0.16,4.62,4.2,4.0133,-0.1867000000000001
2025-03-21,4.27,5.32,0.16,4.62,4.2,4.0133,-0.1867000000000001
2025-03-24,4.3,5.32,0.16,4.69,4.2,4.027500000000001,-0.17249999999999943
2025-03-25,4.35,5.32,0.16,4.66,4.2,4.0497,-0.15030000000000054
2025-03-26,4.35,5.32,0.16,4.68,4.2,4.0499,-0.15010000000000012
2025-03-27,4.28,5.32,0.16,4.67,4.2,4.018300000000001,-0.1816999999999993
2025-03-28,4.3,5.32,0.16,4.6,4.2,4.0266,-0.1734
2025-03-31,4.3,5.32,0.16,4.61,4.2,4.0267,-0.17330000000000023
2025-04-01,4.26,5.32,0.16,4.59,4.2,4.0085,-0.19150000000000045
2025-04-02,4.3,5.32,0.16,4.62,4.2,4.026800000000001,-0.17319999999999958
2025-04-03,4.3,5.32,0.16,4.52,4.2,4.0258,-0.1741999999999999
2025-04-04,4.32,5.32,0.16,4.59,4.2,4.0355,-0.1645000000000003
2025-04-07,4.32,5.32,0.16,4.77,4.2,4.0373,-0.16270000000000007
2025-04-08,4.32,5.32,0.16,4.72,4.2,4.0368,-0.1631999999999998
2025-04-09,4.29,5.32,0.16,4.91,4.2,4.025200000000001,-0.1747999999999994
2025-04-10,4.35,5.32,0.16,4.87,4.2,4.0518,-0.1482000000000001
2025-04-11,4.35,5.32,0.16,4.99,4.2,4.053,-0.14700000000000024
2025-04-14,4.35,5.32,0.16,4.85,4.2,4.0516,-0.14840000000000053
2025-04-15,4.39,5.32,0.16,4.83,4.2,4.0694,-0.13060000000000027
2025-04-16,4.39,5.32,0.16,4.75,4.2,4.0686,-0.13140000000000018
2025-04-17,4.39,5.32,0.16,4.75,4.2,4.0686,-0.13140000000000018
2025-04-18,4.39,5.32,0.16,4.75,4.2,4.0686,-0.13140000000000018
2025-04-21,4.34,5.32,0.16,4.74,4.2,4.046,-0.15399999999999991
2025-04-22,4.19,5.32,0.16,4.77,4.2,3.9788000000000006,-0.22119999999999962
2025-04-23,4.26,5.32,0.16,4.78,4.2,4.0104,-0.18960000000000043
2025-04-24,4.26,5.32,0.16,4.7,4.2,4.0096,-0.19040000000000035
2025-04-25,4.37,5.32,0.16,4.64,4.2,4.0585,-0.14149999999999974
2025-04-28,4.37,5.32,0.16,4.55,4.2,4.0576,-0.1424000000000003
2025-04-29,4.38,5.32,0.16,4.53,4.2,4.0619000000000005,-0.13809999999999967
